<?xml version="1.0"?>
<?mso-application progid="Excel.Sheet"?>
<Workbook xmlns="urn:schemas-microsoft-com:office:spreadsheet"
 xmlns:o="urn:schemas-microsoft-com:office:office"
 xmlns:x="urn:schemas-microsoft-com:office:excel"
 xmlns:ss="urn:schemas-microsoft-com:office:spreadsheet"
 xmlns:c="urn:schemas-microsoft-com:office:component:spreadsheet"
 xmlns:html="http://www.w3.org/TR/REC-html40"
 xmlns:x2="http://schemas.microsoft.com/office/excel/2003/xml"
 xmlns:xsi="http://www.w3.org/2001/XMLSchema-instance">
 <DocumentProperties xmlns="urn:schemas-microsoft-com:office:office">
  <Author>vt</Author>
  <LastAuthor>vt</LastAuthor>
  <Created>2013-08-22T09:17:59Z</Created>
  <LastSaved>2013-09-30T05:55:23Z</LastSaved>
  <Version>12.00</Version>
 </DocumentProperties>
 <OfficeDocumentSettings xmlns="urn:schemas-microsoft-com:office:office">
  <Colors>
   <Color>
    <Index>3</Index>
    <RGB>#C0C0C0</RGB>
   </Color>
   <Color>
    <Index>4</Index>
    <RGB>#FF0000</RGB>
   </Color>
  </Colors>
 </OfficeDocumentSettings>
 <ExcelWorkbook xmlns="urn:schemas-microsoft-com:office:excel">
  <WindowHeight>9000</WindowHeight>
  <WindowWidth>13860</WindowWidth>
  <WindowTopX>240</WindowTopX>
  <WindowTopY>75</WindowTopY>
  <ProtectStructure>False</ProtectStructure>
  <ProtectWindows>False</ProtectWindows>
 </ExcelWorkbook>
 <Styles>
  <Style ss:ID="Default" ss:Name="Normal">
   <Alignment ss:Vertical="Bottom"/>
   <Borders/>
   <Font ss:FontName="Calibri" x:Family="Swiss" ss:Size="11" ss:Color="#000000"/>
   <Interior/>
   <NumberFormat/>
   <Protection/>
  </Style>
  <Style ss:ID="s62" ss:Name="Default">
   <Font ss:FontName="Arial2"/>
   <NumberFormat ss:Format="Short Date"/>
  </Style>
  <Style ss:ID="s63" ss:Name="Normal 2">
   <Alignment ss:Vertical="Bottom"/>
   <Borders/>
   <Font ss:FontName="Calibri" x:CharSet="163" x:Family="Swiss" ss:Size="11"
    ss:Color="#000000"/>
   <Interior/>
   <NumberFormat/>
   <Protection/>
  </Style>
  <Style ss:ID="s64" ss:Name="Normal_">
   <Alignment ss:Vertical="Bottom"/>
   <Font ss:FontName="Arial1"/>
  </Style>
  <Style ss:ID="s66" ss:Parent="s62">
   <Font ss:FontName="Arial" x:Family="Swiss"/>
   <NumberFormat ss:Format="Short Date"/>
  </Style>
  <Style ss:ID="s67" ss:Parent="s62">
   <Font ss:FontName="Arial" x:Family="Swiss"/>
   <NumberFormat ss:Format="@"/>
  </Style>
  <Style ss:ID="s69" ss:Parent="s64">
   <Alignment ss:Vertical="Bottom" ss:WrapText="1"/>
   <Borders>
    <Border ss:Position="Left" ss:LineStyle="Continuous" ss:Weight="1"/>
    <Border ss:Position="Right" ss:LineStyle="Continuous" ss:Weight="1"/>
    <Border ss:Position="Top" ss:LineStyle="Continuous" ss:Weight="1"/>
   </Borders>
   <Font ss:FontName="Arial" x:Family="Swiss" ss:Bold="1"/>
   <NumberFormat ss:Format="@"/>
  </Style>
  <Style ss:ID="s70" ss:Parent="s64">
   <Alignment ss:Vertical="Bottom" ss:WrapText="1"/>
   <Borders>
    <Border ss:Position="Left" ss:LineStyle="Continuous" ss:Weight="1"/>
    <Border ss:Position="Right" ss:LineStyle="Continuous" ss:Weight="1"/>
    <Border ss:Position="Top" ss:LineStyle="Continuous" ss:Weight="1"/>
   </Borders>
   <Font ss:FontName="Arial" x:Family="Swiss" ss:Bold="1"/>
   <NumberFormat/>
  </Style>
  <Style ss:ID="s71" ss:Parent="s62">
   <Borders>
    <Border ss:Position="Left" ss:LineStyle="Continuous" ss:Weight="1"/>
    <Border ss:Position="Right" ss:LineStyle="Continuous" ss:Weight="1"/>
    <Border ss:Position="Top" ss:LineStyle="Continuous" ss:Weight="1"/>
   </Borders>
   <Font ss:FontName="Arial" x:Family="Swiss" ss:Bold="1"/>
   <NumberFormat ss:Format="Short Date"/>
  </Style>
  <Style ss:ID="s72" ss:Parent="s64">
   <Alignment ss:Vertical="Bottom" ss:WrapText="1"/>
   <Borders>
    <Border ss:Position="Left" ss:LineStyle="Continuous" ss:Weight="1"/>
    <Border ss:Position="Top" ss:LineStyle="Continuous" ss:Weight="1"/>
   </Borders>
   <Font ss:FontName="Arial" x:Family="Swiss" ss:Bold="1"/>
   <NumberFormat ss:Format="@"/>
  </Style>
  <Style ss:ID="s74" ss:Parent="s63">
   <Alignment ss:Horizontal="Center" ss:Vertical="Center"/>
   <Borders>
    <Border ss:Position="Bottom" ss:LineStyle="Continuous" ss:Weight="1"/>
    <Border ss:Position="Left" ss:LineStyle="Continuous" ss:Weight="1"/>
    <Border ss:Position="Right" ss:LineStyle="Continuous" ss:Weight="1"/>
    <Border ss:Position="Top" ss:LineStyle="Continuous" ss:Weight="1"/>
   </Borders>
   <Font ss:FontName="Cambria" x:CharSet="163" x:Family="Roman" ss:Size="11"
    ss:Color="#993300" ss:Bold="1"/>
   <Interior/>
  </Style>
  <Style ss:ID="s75" ss:Parent="s63">
   <Alignment ss:Horizontal="Left" ss:Vertical="Center"/>
   <Borders>
    <Border ss:Position="Bottom" ss:LineStyle="Continuous" ss:Weight="1"/>
    <Border ss:Position="Left" ss:LineStyle="Continuous" ss:Weight="1"/>
    <Border ss:Position="Right" ss:LineStyle="Continuous" ss:Weight="1"/>
    <Border ss:Position="Top" ss:LineStyle="Continuous" ss:Weight="1"/>
   </Borders>
   <Font ss:FontName="Cambria" x:CharSet="163" x:Family="Roman" ss:Size="11"/>
   <Interior/>
  </Style>
  <Style ss:ID="s76" ss:Parent="s62">
   <Borders>
    <Border ss:Position="Bottom" ss:LineStyle="Continuous" ss:Weight="1"/>
    <Border ss:Position="Left" ss:LineStyle="Continuous" ss:Weight="1"/>
    <Border ss:Position="Right" ss:LineStyle="Continuous" ss:Weight="1"/>
    <Border ss:Position="Top" ss:LineStyle="Continuous" ss:Weight="1"/>
   </Borders>
   <Font ss:FontName="Arial" x:Family="Swiss"/>
   <NumberFormat ss:Format="Short Date"/>
  </Style>
  <Style ss:ID="s77" ss:Parent="s63">
   <Alignment ss:Horizontal="Center" ss:Vertical="Center"/>
   <Borders>
    <Border ss:Position="Bottom" ss:LineStyle="Continuous" ss:Weight="1"/>
    <Border ss:Position="Left" ss:LineStyle="Continuous" ss:Weight="1"/>
    <Border ss:Position="Right" ss:LineStyle="Continuous" ss:Weight="1"/>
    <Border ss:Position="Top" ss:LineStyle="Continuous" ss:Weight="1"/>
   </Borders>
   <Font ss:FontName="Cambria" x:CharSet="163" x:Family="Roman" ss:Size="11"
    ss:Color="#008000"/>
   <Interior/>
  </Style>
  <Style ss:ID="s78" ss:Parent="s63">
   <Alignment ss:Horizontal="Right" ss:Vertical="Center"/>
   <Borders>
    <Border ss:Position="Bottom" ss:LineStyle="Continuous" ss:Weight="1"/>
    <Border ss:Position="Left" ss:LineStyle="Continuous" ss:Weight="1"/>
    <Border ss:Position="Right" ss:LineStyle="Continuous" ss:Weight="1"/>
    <Border ss:Position="Top" ss:LineStyle="Continuous" ss:Weight="1"/>
   </Borders>
   <Font ss:FontName="Cambria" x:CharSet="163" x:Family="Roman" ss:Size="11"
    ss:Color="#008000"/>
   <Interior/>
   <NumberFormat ss:Format="0"/>
  </Style>
  <Style ss:ID="s79" ss:Parent="s63">
   <Alignment ss:Horizontal="Right" ss:Vertical="Center"/>
   <Borders>
    <Border ss:Position="Bottom" ss:LineStyle="Continuous" ss:Weight="1"/>
    <Border ss:Position="Left" ss:LineStyle="Continuous" ss:Weight="1"/>
    <Border ss:Position="Right" ss:LineStyle="Continuous" ss:Weight="1"/>
    <Border ss:Position="Top" ss:LineStyle="Continuous" ss:Weight="1"/>
   </Borders>
   <Font ss:FontName="Cambria" x:CharSet="163" x:Family="Roman" ss:Size="11"
    ss:Color="#666699"/>
   <Interior/>
   <NumberFormat ss:Format="0"/>
  </Style>
  <Style ss:ID="s80" ss:Parent="s62">
   <Borders>
    <Border ss:Position="Bottom" ss:LineStyle="Continuous" ss:Weight="1"/>
    <Border ss:Position="Left" ss:LineStyle="Continuous" ss:Weight="1"/>
    <Border ss:Position="Right" ss:LineStyle="Continuous" ss:Weight="1"/>
    <Border ss:Position="Top" ss:LineStyle="Continuous" ss:Weight="1"/>
   </Borders>
   <Font ss:FontName="Arial" x:Family="Swiss"/>
   <NumberFormat ss:Format="@"/>
  </Style>
  <Style ss:ID="s81" ss:Parent="s62">
   <Borders>
    <Border ss:Position="Bottom" ss:LineStyle="Continuous" ss:Weight="1"/>
    <Border ss:Position="Left" ss:LineStyle="Continuous" ss:Weight="1"/>
    <Border ss:Position="Right" ss:LineStyle="Continuous" ss:Weight="1"/>
    <Border ss:Position="Top" ss:LineStyle="Continuous" ss:Weight="1"/>
   </Borders>
   <Font ss:FontName="Arial" x:Family="Swiss"/>
   <NumberFormat ss:Format="0"/>
  </Style>
  <Style ss:ID="s82" ss:Parent="s63">
   <Alignment ss:Horizontal="Center" ss:Vertical="Center"/>
   <Borders>
    <Border ss:Position="Bottom" ss:LineStyle="Continuous" ss:Weight="1"/>
    <Border ss:Position="Left" ss:LineStyle="Continuous" ss:Weight="1"/>
    <Border ss:Position="Right" ss:LineStyle="Continuous" ss:Weight="1"/>
    <Border ss:Position="Top" ss:LineStyle="Continuous" ss:Weight="1"/>
   </Borders>
   <Font ss:FontName="Cambria" x:CharSet="163" x:Family="Roman" ss:Size="11"
    ss:Color="#FF0000" ss:Bold="1"/>
   <Interior/>
  </Style>
  <Style ss:ID="s83" ss:Parent="s63">
   <Alignment ss:Horizontal="Left" ss:Vertical="Center"/>
   <Borders>
    <Border ss:Position="Bottom" ss:LineStyle="Continuous" ss:Weight="1"/>
    <Border ss:Position="Left" ss:LineStyle="Continuous" ss:Weight="1"/>
    <Border ss:Position="Right" ss:LineStyle="Continuous" ss:Weight="1"/>
    <Border ss:Position="Top" ss:LineStyle="Continuous" ss:Weight="1"/>
   </Borders>
   <Font ss:FontName="Cambria" x:CharSet="163" x:Family="Roman" ss:Size="11"
    ss:Color="#FF0000"/>
   <Interior/>
  </Style>
  <Style ss:ID="s84" ss:Parent="s63">
   <Alignment ss:Horizontal="Center" ss:Vertical="Center"/>
   <Borders>
    <Border ss:Position="Bottom" ss:LineStyle="Continuous" ss:Weight="1"/>
    <Border ss:Position="Left" ss:LineStyle="Continuous" ss:Weight="1"/>
    <Border ss:Position="Right" ss:LineStyle="Continuous" ss:Weight="1"/>
    <Border ss:Position="Top" ss:LineStyle="Continuous" ss:Weight="1"/>
   </Borders>
   <Font ss:FontName="Cambria" x:CharSet="163" x:Family="Roman" ss:Size="11"
    ss:Color="#FF0000"/>
   <Interior/>
  </Style>
  <Style ss:ID="s85" ss:Parent="s63">
   <Alignment ss:Horizontal="Right" ss:Vertical="Center"/>
   <Borders>
    <Border ss:Position="Bottom" ss:LineStyle="Continuous" ss:Weight="1"/>
    <Border ss:Position="Left" ss:LineStyle="Continuous" ss:Weight="1"/>
    <Border ss:Position="Right" ss:LineStyle="Continuous" ss:Weight="1"/>
    <Border ss:Position="Top" ss:LineStyle="Continuous" ss:Weight="1"/>
   </Borders>
   <Font ss:FontName="Cambria" x:CharSet="163" x:Family="Roman" ss:Size="11"
    ss:Color="#FF0000"/>
   <Interior/>
   <NumberFormat ss:Format="0"/>
  </Style>
 </Styles>
 <Worksheet ss:Name="mau_nhap">
  <Table ss:ExpandedColumnCount="17" ss:ExpandedRowCount="65" x:FullColumns="1"
   x:FullRows="1" ss:StyleID="s66">
   <Column ss:StyleID="s67" ss:AutoFitWidth="0" ss:Width="208.5"/>
   <Column ss:StyleID="s66" ss:Width="213.75"/>
   <Column ss:StyleID="s66" ss:Width="122.25"/>
   <Column ss:StyleID="s66" ss:Width="64.5" ss:Span="2"/>
   <Column ss:Index="7" ss:StyleID="s67" ss:Width="64.5"/>
   <Column ss:StyleID="s66" ss:Width="81"/>
   <Column ss:StyleID="s66" ss:AutoFitWidth="0" ss:Width="142.5"/>
   <Column ss:StyleID="s66" ss:Width="64.5"/>
   <Column ss:StyleID="s67" ss:Width="59.25" ss:Span="1"/>
   <Column ss:Index="13" ss:StyleID="s66" ss:AutoFitWidth="0" ss:Width="87.75"/>
   <Column ss:StyleID="s66" ss:AutoFitWidth="0" ss:Width="80.25"/>
   <Column ss:StyleID="s67" ss:Width="53.25"/>
   <Column ss:Index="17" ss:StyleID="s66" ss:AutoFitWidth="0" ss:Width="81.75"/>
   <Row ss:AutoFitHeight="0" ss:Height="27">
    <Cell ss:StyleID="s69"><Data ss:Type="String">Mã sản phẩm</Data></Cell>
    <Cell ss:StyleID="s70"><Data ss:Type="String">Tên sản phẩm</Data></Cell>
    <Cell ss:StyleID="s70"><Data ss:Type="String">Loại sản phẩm</Data></Cell>
    <Cell ss:StyleID="s70"><Data ss:Type="String">Mã đơn vị</Data></Cell>
    <Cell ss:StyleID="s70"><Data ss:Type="String">Đơn</Data></Cell>
    <Cell ss:StyleID="s70"><Data ss:Type="String">Định lượng</Data></Cell>
    <Cell ss:StyleID="s69"><Data ss:Type="String">Giá</Data></Cell>
    <Cell ss:StyleID="s70"><Data ss:Type="String">Đơn vị tiền tệ</Data></Cell>
    <Cell ss:StyleID="s70"><Data ss:Type="String">Nguyên liệu</Data></Cell>
    <Cell ss:StyleID="s70"><Data ss:Type="String">Ghi chú</Data></Cell>
    <Cell ss:StyleID="s69"><Data ss:Type="String">Thuế</Data></Cell>
    <Cell ss:StyleID="s69"><Data ss:Type="String">Ngừng theo dõi</Data></Cell>
    <Cell ss:StyleID="s71"><Data ss:Type="String">Nhà cung cấp</Data></Cell>
    <Cell ss:StyleID="s71"><Data ss:Type="String">Kho</Data></Cell>
    <Cell ss:StyleID="s72"><Data ss:Type="String">Code</Data></Cell>
    <Cell ss:StyleID="s71"><Data ss:Type="String">Số lượng Min</Data></Cell>
    <Cell ss:StyleID="s71"><Data ss:Type="String">Số lượng Max</Data></Cell>
   </Row>
   <Row ss:AutoFitHeight="0" ss:Height="14.25">
    <Cell ss:StyleID="s74"><Data ss:Type="String">NL01</Data></Cell>
    <Cell ss:StyleID="s75"><Data ss:Type="String">Bánh cookie Blue Berry (gói 137g)</Data></Cell>
    <Cell ss:StyleID="s76"><Data ss:Type="String">NL</Data></Cell>
    <Cell ss:StyleID="s77"><Data ss:Type="String">cai</Data></Cell>
    <Cell ss:StyleID="s76"><Data ss:Type="String">goi</Data></Cell>
    <Cell ss:StyleID="s78"><Data ss:Type="Number">14</Data></Cell>
    <Cell ss:StyleID="s79"><Data ss:Type="Number">13800</Data></Cell>
    <Cell ss:StyleID="s76"><Data ss:Type="String">VND</Data></Cell>
    <Cell ss:StyleID="s76"><Data ss:Type="String"> </Data></Cell>
    <Cell ss:StyleID="s76"><Data ss:Type="String"> </Data></Cell>
    <Cell ss:StyleID="s80"><Data ss:Type="String">0</Data></Cell>
    <Cell ss:StyleID="s80"><Data ss:Type="String">0</Data></Cell>
    <Cell ss:StyleID="s76"><Data ss:Type="String">KHACHLE</Data></Cell>
    <Cell ss:StyleID="s76"><Data ss:Type="String">KHOTONG</Data></Cell>
    <Cell ss:StyleID="s80"><Data ss:Type="String"> </Data></Cell>
    <Cell ss:StyleID="s81"><Data ss:Type="Number">0</Data></Cell>
    <Cell ss:StyleID="s81"><Data ss:Type="Number">0</Data></Cell>
   </Row>
   <Row ss:AutoFitHeight="0" ss:Height="14.25">
    <Cell ss:StyleID="s74"><Data ss:Type="String">NL02</Data></Cell>
    <Cell ss:StyleID="s75"><Data ss:Type="String">Bánh cookie Coco (gói 137g)</Data></Cell>
    <Cell ss:StyleID="s76"><Data ss:Type="String">NL</Data></Cell>
    <Cell ss:StyleID="s77"><Data ss:Type="String">cai</Data></Cell>
    <Cell ss:StyleID="s76"><Data ss:Type="String">goi</Data></Cell>
    <Cell ss:StyleID="s78"><Data ss:Type="Number">14</Data></Cell>
    <Cell ss:StyleID="s79"><Data ss:Type="Number">13800</Data></Cell>
    <Cell ss:StyleID="s76"><Data ss:Type="String">VND</Data></Cell>
    <Cell ss:StyleID="s76"><Data ss:Type="String"> </Data></Cell>
    <Cell ss:StyleID="s76"><Data ss:Type="String"> </Data></Cell>
    <Cell ss:StyleID="s80"><Data ss:Type="String">0</Data></Cell>
    <Cell ss:StyleID="s80"><Data ss:Type="String">0</Data></Cell>
    <Cell ss:StyleID="s76"><Data ss:Type="String">KHACHLE</Data></Cell>
    <Cell ss:StyleID="s76"><Data ss:Type="String">KHOTONG</Data></Cell>
    <Cell ss:StyleID="s80"><Data ss:Type="String"> </Data></Cell>
    <Cell ss:StyleID="s81"><Data ss:Type="Number">0</Data></Cell>
    <Cell ss:StyleID="s81"><Data ss:Type="Number">0</Data></Cell>
   </Row>
   <Row ss:AutoFitHeight="0" ss:Height="14.25">
    <Cell ss:StyleID="s74"><Data ss:Type="String">NL03</Data></Cell>
    <Cell ss:StyleID="s75"><Data ss:Type="String">Bánh cookie Strawberry (gói 137g)</Data></Cell>
    <Cell ss:StyleID="s76"><Data ss:Type="String">NL</Data></Cell>
    <Cell ss:StyleID="s77"><Data ss:Type="String">cai</Data></Cell>
    <Cell ss:StyleID="s76"><Data ss:Type="String">goi</Data></Cell>
    <Cell ss:StyleID="s78"><Data ss:Type="Number">14</Data></Cell>
    <Cell ss:StyleID="s79"><Data ss:Type="Number">13800</Data></Cell>
    <Cell ss:StyleID="s76"><Data ss:Type="String">VND</Data></Cell>
    <Cell ss:StyleID="s76"><Data ss:Type="String"> </Data></Cell>
    <Cell ss:StyleID="s76"><Data ss:Type="String"> </Data></Cell>
    <Cell ss:StyleID="s80"><Data ss:Type="String">0</Data></Cell>
    <Cell ss:StyleID="s80"><Data ss:Type="String">0</Data></Cell>
    <Cell ss:StyleID="s76"><Data ss:Type="String">KHACHLE</Data></Cell>
    <Cell ss:StyleID="s76"><Data ss:Type="String">KHOTONG</Data></Cell>
    <Cell ss:StyleID="s80"><Data ss:Type="String"> </Data></Cell>
    <Cell ss:StyleID="s81"><Data ss:Type="Number">0</Data></Cell>
    <Cell ss:StyleID="s81"><Data ss:Type="Number">0</Data></Cell>
   </Row>
   <Row ss:AutoFitHeight="0" ss:Height="14.25">
    <Cell ss:StyleID="s74"><Data ss:Type="String">NL04</Data></Cell>
    <Cell ss:StyleID="s75"><Data ss:Type="String">Bột cacao (hộp 300g)</Data></Cell>
    <Cell ss:StyleID="s76"><Data ss:Type="String">NL</Data></Cell>
    <Cell ss:StyleID="s77"><Data ss:Type="String">gr</Data></Cell>
    <Cell ss:StyleID="s76"><Data ss:Type="String">hop</Data></Cell>
    <Cell ss:StyleID="s78"><Data ss:Type="Number">300</Data></Cell>
    <Cell ss:StyleID="s79"><Data ss:Type="Number">60000</Data></Cell>
    <Cell ss:StyleID="s76"><Data ss:Type="String">VND</Data></Cell>
    <Cell ss:StyleID="s76"><Data ss:Type="String"> </Data></Cell>
    <Cell ss:StyleID="s76"><Data ss:Type="String"> </Data></Cell>
    <Cell ss:StyleID="s80"><Data ss:Type="String">0</Data></Cell>
    <Cell ss:StyleID="s80"><Data ss:Type="String">0</Data></Cell>
    <Cell ss:StyleID="s76"><Data ss:Type="String">KHACHLE</Data></Cell>
    <Cell ss:StyleID="s76"><Data ss:Type="String">KHOTONG</Data></Cell>
    <Cell ss:StyleID="s80"><Data ss:Type="String"> </Data></Cell>
    <Cell ss:StyleID="s81"><Data ss:Type="Number">0</Data></Cell>
    <Cell ss:StyleID="s81"><Data ss:Type="Number">0</Data></Cell>
   </Row>
   <Row ss:AutoFitHeight="0" ss:Height="14.25">
    <Cell ss:StyleID="s74"><Data ss:Type="String">NL05</Data></Cell>
    <Cell ss:StyleID="s75"><Data ss:Type="String">Bột kem</Data></Cell>
    <Cell ss:StyleID="s76"><Data ss:Type="String">NL</Data></Cell>
    <Cell ss:StyleID="s77"><Data ss:Type="String">gr</Data></Cell>
    <Cell ss:StyleID="s76"><Data ss:Type="String">hop</Data></Cell>
    <Cell ss:StyleID="s78"><Data ss:Type="Number">450</Data></Cell>
    <Cell ss:StyleID="s79"><Data ss:Type="Number">54000</Data></Cell>
    <Cell ss:StyleID="s76"><Data ss:Type="String">VND</Data></Cell>
    <Cell ss:StyleID="s76"><Data ss:Type="String"> </Data></Cell>
    <Cell ss:StyleID="s76"><Data ss:Type="String"> </Data></Cell>
    <Cell ss:StyleID="s80"><Data ss:Type="String">0</Data></Cell>
    <Cell ss:StyleID="s80"><Data ss:Type="String">0</Data></Cell>
    <Cell ss:StyleID="s76"><Data ss:Type="String">KHACHLE</Data></Cell>
    <Cell ss:StyleID="s76"><Data ss:Type="String">KHOTONG</Data></Cell>
    <Cell ss:StyleID="s80"><Data ss:Type="String"> </Data></Cell>
    <Cell ss:StyleID="s81"><Data ss:Type="Number">0</Data></Cell>
    <Cell ss:StyleID="s81"><Data ss:Type="Number">0</Data></Cell>
   </Row>
   <Row ss:AutoFitHeight="0" ss:Height="14.25">
    <Cell ss:StyleID="s74"><Data ss:Type="String">NL06</Data></Cell>
    <Cell ss:StyleID="s75"><Data ss:Type="String">Cà phê (gói 1kg)</Data></Cell>
    <Cell ss:StyleID="s76"><Data ss:Type="String">NL</Data></Cell>
    <Cell ss:StyleID="s77"><Data ss:Type="String">gr</Data></Cell>
    <Cell ss:StyleID="s76"><Data ss:Type="String">kg</Data></Cell>
    <Cell ss:StyleID="s78"><Data ss:Type="Number">1000</Data></Cell>
    <Cell ss:StyleID="s79"><Data ss:Type="Number">270000</Data></Cell>
    <Cell ss:StyleID="s76"><Data ss:Type="String">VND</Data></Cell>
    <Cell ss:StyleID="s76"><Data ss:Type="String"> </Data></Cell>
    <Cell ss:StyleID="s76"><Data ss:Type="String"> </Data></Cell>
    <Cell ss:StyleID="s80"><Data ss:Type="String">0</Data></Cell>
    <Cell ss:StyleID="s80"><Data ss:Type="String">0</Data></Cell>
    <Cell ss:StyleID="s76"><Data ss:Type="String">KHACHLE</Data></Cell>
    <Cell ss:StyleID="s76"><Data ss:Type="String">KHOTONG</Data></Cell>
    <Cell ss:StyleID="s80"><Data ss:Type="String"> </Data></Cell>
    <Cell ss:StyleID="s81"><Data ss:Type="Number">0</Data></Cell>
    <Cell ss:StyleID="s81"><Data ss:Type="Number">0</Data></Cell>
   </Row>
   <Row ss:AutoFitHeight="0" ss:Height="14.25">
    <Cell ss:StyleID="s74"><Data ss:Type="String">NL07</Data></Cell>
    <Cell ss:StyleID="s75"><Data ss:Type="String">Đá viên (kg)</Data></Cell>
    <Cell ss:StyleID="s76"><Data ss:Type="String">NL</Data></Cell>
    <Cell ss:StyleID="s77"><Data ss:Type="String">gr</Data></Cell>
    <Cell ss:StyleID="s76"><Data ss:Type="String">kg</Data></Cell>
    <Cell ss:StyleID="s78"><Data ss:Type="Number">1000</Data></Cell>
    <Cell ss:StyleID="s79"><Data ss:Type="Number">2000</Data></Cell>
    <Cell ss:StyleID="s76"><Data ss:Type="String">VND</Data></Cell>
    <Cell ss:StyleID="s76"><Data ss:Type="String"> </Data></Cell>
    <Cell ss:StyleID="s76"><Data ss:Type="String"> </Data></Cell>
    <Cell ss:StyleID="s80"><Data ss:Type="String">0</Data></Cell>
    <Cell ss:StyleID="s80"><Data ss:Type="String">0</Data></Cell>
    <Cell ss:StyleID="s76"><Data ss:Type="String">KHACHLE</Data></Cell>
    <Cell ss:StyleID="s76"><Data ss:Type="String">KHOTONG</Data></Cell>
    <Cell ss:StyleID="s80"><Data ss:Type="String"> </Data></Cell>
    <Cell ss:StyleID="s81"><Data ss:Type="Number">0</Data></Cell>
    <Cell ss:StyleID="s81"><Data ss:Type="Number">0</Data></Cell>
   </Row>
   <Row ss:AutoFitHeight="0" ss:Height="14.25">
    <Cell ss:StyleID="s74"><Data ss:Type="String">NL08</Data></Cell>
    <Cell ss:StyleID="s75"><Data ss:Type="String">Kem viên (hộp xxxg)</Data></Cell>
    <Cell ss:StyleID="s76"><Data ss:Type="String">NL</Data></Cell>
    <Cell ss:StyleID="s77"><Data ss:Type="String">ml</Data></Cell>
    <Cell ss:StyleID="s76"><Data ss:Type="String">hop</Data></Cell>
    <Cell ss:StyleID="s78"><Data ss:Type="Number">450</Data></Cell>
    <Cell ss:StyleID="s79"><Data ss:Type="Number">70000</Data></Cell>
    <Cell ss:StyleID="s76"><Data ss:Type="String">VND</Data></Cell>
    <Cell ss:StyleID="s76"><Data ss:Type="String"> </Data></Cell>
    <Cell ss:StyleID="s76"><Data ss:Type="String"> </Data></Cell>
    <Cell ss:StyleID="s80"><Data ss:Type="String">0</Data></Cell>
    <Cell ss:StyleID="s80"><Data ss:Type="String">0</Data></Cell>
    <Cell ss:StyleID="s76"><Data ss:Type="String">KHACHLE</Data></Cell>
    <Cell ss:StyleID="s76"><Data ss:Type="String">KHOTONG</Data></Cell>
    <Cell ss:StyleID="s80"><Data ss:Type="String"> </Data></Cell>
    <Cell ss:StyleID="s81"><Data ss:Type="Number">0</Data></Cell>
    <Cell ss:StyleID="s81"><Data ss:Type="Number">0</Data></Cell>
   </Row>
   <Row ss:AutoFitHeight="0" ss:Height="14.25">
    <Cell ss:StyleID="s74"><Data ss:Type="String">NL09</Data></Cell>
    <Cell ss:StyleID="s75"><Data ss:Type="String">Kem xịt</Data></Cell>
    <Cell ss:StyleID="s76"><Data ss:Type="String">NL</Data></Cell>
    <Cell ss:StyleID="s77"><Data ss:Type="String">cuc</Data></Cell>
    <Cell ss:StyleID="s76"><Data ss:Type="String">cuc</Data></Cell>
    <Cell ss:StyleID="s78"><Data ss:Type="Number">1</Data></Cell>
    <Cell ss:StyleID="s79"><Data ss:Type="Number">2200</Data></Cell>
    <Cell ss:StyleID="s76"><Data ss:Type="String">VND</Data></Cell>
    <Cell ss:StyleID="s76"><Data ss:Type="String"> </Data></Cell>
    <Cell ss:StyleID="s76"><Data ss:Type="String"> </Data></Cell>
    <Cell ss:StyleID="s80"><Data ss:Type="String">0</Data></Cell>
    <Cell ss:StyleID="s80"><Data ss:Type="String">0</Data></Cell>
    <Cell ss:StyleID="s76"><Data ss:Type="String">KHACHLE</Data></Cell>
    <Cell ss:StyleID="s76"><Data ss:Type="String">KHOTONG</Data></Cell>
    <Cell ss:StyleID="s80"><Data ss:Type="String"> </Data></Cell>
    <Cell ss:StyleID="s81"><Data ss:Type="Number">0</Data></Cell>
    <Cell ss:StyleID="s81"><Data ss:Type="Number">0</Data></Cell>
   </Row>
   <Row ss:AutoFitHeight="0" ss:Height="14.25">
    <Cell ss:StyleID="s74"><Data ss:Type="String">NL10</Data></Cell>
    <Cell ss:StyleID="s75"><Data ss:Type="String">Mật ong (chai 250ml)</Data></Cell>
    <Cell ss:StyleID="s76"><Data ss:Type="String">NL</Data></Cell>
    <Cell ss:StyleID="s77"><Data ss:Type="String">ml</Data></Cell>
    <Cell ss:StyleID="s76"><Data ss:Type="String">chai</Data></Cell>
    <Cell ss:StyleID="s78"><Data ss:Type="Number">250</Data></Cell>
    <Cell ss:StyleID="s79"><Data ss:Type="Number">22000</Data></Cell>
    <Cell ss:StyleID="s76"><Data ss:Type="String">VND</Data></Cell>
    <Cell ss:StyleID="s76"><Data ss:Type="String"> </Data></Cell>
    <Cell ss:StyleID="s76"><Data ss:Type="String"> </Data></Cell>
    <Cell ss:StyleID="s80"><Data ss:Type="String">0</Data></Cell>
    <Cell ss:StyleID="s80"><Data ss:Type="String">0</Data></Cell>
    <Cell ss:StyleID="s76"><Data ss:Type="String">KHACHLE</Data></Cell>
    <Cell ss:StyleID="s76"><Data ss:Type="String">KHOTONG</Data></Cell>
    <Cell ss:StyleID="s80"><Data ss:Type="String"> </Data></Cell>
    <Cell ss:StyleID="s81"><Data ss:Type="Number">0</Data></Cell>
    <Cell ss:StyleID="s81"><Data ss:Type="Number">0</Data></Cell>
   </Row>
   <Row ss:AutoFitHeight="0" ss:Height="14.25">
    <Cell ss:StyleID="s74"><Data ss:Type="String">NL11</Data></Cell>
    <Cell ss:StyleID="s75"><Data ss:Type="String">Mứt sinh tố dây tây (chai 600ml)</Data></Cell>
    <Cell ss:StyleID="s76"><Data ss:Type="String">NL</Data></Cell>
    <Cell ss:StyleID="s77"><Data ss:Type="String">ml</Data></Cell>
    <Cell ss:StyleID="s76"><Data ss:Type="String">chai</Data></Cell>
    <Cell ss:StyleID="s78"><Data ss:Type="Number">600</Data></Cell>
    <Cell ss:StyleID="s79"><Data ss:Type="Number">52000</Data></Cell>
    <Cell ss:StyleID="s76"><Data ss:Type="String">VND</Data></Cell>
    <Cell ss:StyleID="s76"><Data ss:Type="String"> </Data></Cell>
    <Cell ss:StyleID="s76"><Data ss:Type="String"> </Data></Cell>
    <Cell ss:StyleID="s80"><Data ss:Type="String">0</Data></Cell>
    <Cell ss:StyleID="s80"><Data ss:Type="String">0</Data></Cell>
    <Cell ss:StyleID="s76"><Data ss:Type="String">KHACHLE</Data></Cell>
    <Cell ss:StyleID="s76"><Data ss:Type="String">KHOTONG</Data></Cell>
    <Cell ss:StyleID="s80"><Data ss:Type="String"> </Data></Cell>
    <Cell ss:StyleID="s81"><Data ss:Type="Number">0</Data></Cell>
    <Cell ss:StyleID="s81"><Data ss:Type="Number">0</Data></Cell>
   </Row>
   <Row ss:AutoFitHeight="0" ss:Height="14.25">
    <Cell ss:StyleID="s74"><Data ss:Type="String">NL12</Data></Cell>
    <Cell ss:StyleID="s75"><Data ss:Type="String">Mứt sinh tố xoài (chai 600ml)</Data></Cell>
    <Cell ss:StyleID="s76"><Data ss:Type="String">NL</Data></Cell>
    <Cell ss:StyleID="s77"><Data ss:Type="String">ml</Data></Cell>
    <Cell ss:StyleID="s76"><Data ss:Type="String">chai</Data></Cell>
    <Cell ss:StyleID="s78"><Data ss:Type="Number">600</Data></Cell>
    <Cell ss:StyleID="s79"><Data ss:Type="Number">62000</Data></Cell>
    <Cell ss:StyleID="s76"><Data ss:Type="String">VND</Data></Cell>
    <Cell ss:StyleID="s76"><Data ss:Type="String"> </Data></Cell>
    <Cell ss:StyleID="s76"><Data ss:Type="String"> </Data></Cell>
    <Cell ss:StyleID="s80"><Data ss:Type="String">0</Data></Cell>
    <Cell ss:StyleID="s80"><Data ss:Type="String">0</Data></Cell>
    <Cell ss:StyleID="s76"><Data ss:Type="String">KHACHLE</Data></Cell>
    <Cell ss:StyleID="s76"><Data ss:Type="String">KHOTONG</Data></Cell>
    <Cell ss:StyleID="s80"><Data ss:Type="String"> </Data></Cell>
    <Cell ss:StyleID="s81"><Data ss:Type="Number">0</Data></Cell>
    <Cell ss:StyleID="s81"><Data ss:Type="Number">0</Data></Cell>
   </Row>
   <Row ss:AutoFitHeight="0" ss:Height="14.25">
    <Cell ss:StyleID="s74"><Data ss:Type="String">NL13</Data></Cell>
    <Cell ss:StyleID="s75"><Data ss:Type="String">Nước Almond Essence (chai 20ml)</Data></Cell>
    <Cell ss:StyleID="s76"><Data ss:Type="String">NL</Data></Cell>
    <Cell ss:StyleID="s77"><Data ss:Type="String">ml</Data></Cell>
    <Cell ss:StyleID="s76"><Data ss:Type="String">chai</Data></Cell>
    <Cell ss:StyleID="s78"><Data ss:Type="Number">20</Data></Cell>
    <Cell ss:StyleID="s79"><Data ss:Type="Number">20000</Data></Cell>
    <Cell ss:StyleID="s76"><Data ss:Type="String">VND</Data></Cell>
    <Cell ss:StyleID="s76"><Data ss:Type="String"> </Data></Cell>
    <Cell ss:StyleID="s76"><Data ss:Type="String"> </Data></Cell>
    <Cell ss:StyleID="s80"><Data ss:Type="String">0</Data></Cell>
    <Cell ss:StyleID="s80"><Data ss:Type="String">0</Data></Cell>
    <Cell ss:StyleID="s76"><Data ss:Type="String">KHACHLE</Data></Cell>
    <Cell ss:StyleID="s76"><Data ss:Type="String">KHOTONG</Data></Cell>
    <Cell ss:StyleID="s80"><Data ss:Type="String"> </Data></Cell>
    <Cell ss:StyleID="s81"><Data ss:Type="Number">0</Data></Cell>
    <Cell ss:StyleID="s81"><Data ss:Type="Number">0</Data></Cell>
   </Row>
   <Row ss:AutoFitHeight="0" ss:Height="14.25">
    <Cell ss:StyleID="s74"><Data ss:Type="String">NL14</Data></Cell>
    <Cell ss:StyleID="s75"><Data ss:Type="String">Nước cốt dâu tằm Shinsang(chai 330ml)</Data></Cell>
    <Cell ss:StyleID="s76"><Data ss:Type="String">NL</Data></Cell>
    <Cell ss:StyleID="s77"><Data ss:Type="String">ml</Data></Cell>
    <Cell ss:StyleID="s76"><Data ss:Type="String">chai</Data></Cell>
    <Cell ss:StyleID="s78"><Data ss:Type="Number">330</Data></Cell>
    <Cell ss:StyleID="s79"><Data ss:Type="Number">18200</Data></Cell>
    <Cell ss:StyleID="s76"><Data ss:Type="String">VND</Data></Cell>
    <Cell ss:StyleID="s76"><Data ss:Type="String"> </Data></Cell>
    <Cell ss:StyleID="s76"><Data ss:Type="String"> </Data></Cell>
    <Cell ss:StyleID="s80"><Data ss:Type="String">0</Data></Cell>
    <Cell ss:StyleID="s80"><Data ss:Type="String">0</Data></Cell>
    <Cell ss:StyleID="s76"><Data ss:Type="String">KHACHLE</Data></Cell>
    <Cell ss:StyleID="s76"><Data ss:Type="String">KHOTONG</Data></Cell>
    <Cell ss:StyleID="s80"><Data ss:Type="String"> </Data></Cell>
    <Cell ss:StyleID="s81"><Data ss:Type="Number">0</Data></Cell>
    <Cell ss:StyleID="s81"><Data ss:Type="Number">0</Data></Cell>
   </Row>
   <Row ss:AutoFitHeight="0" ss:Height="14.25">
    <Cell ss:StyleID="s74"><Data ss:Type="String">NL15</Data></Cell>
    <Cell ss:StyleID="s75"><Data ss:Type="String">Nước đường (kg)</Data></Cell>
    <Cell ss:StyleID="s76"><Data ss:Type="String">NL</Data></Cell>
    <Cell ss:StyleID="s77"><Data ss:Type="String">ml</Data></Cell>
    <Cell ss:StyleID="s76"><Data ss:Type="String">chai</Data></Cell>
    <Cell ss:StyleID="s78"><Data ss:Type="Number">1000</Data></Cell>
    <Cell ss:StyleID="s79"><Data ss:Type="Number">25000</Data></Cell>
    <Cell ss:StyleID="s76"><Data ss:Type="String">VND</Data></Cell>
    <Cell ss:StyleID="s76"><Data ss:Type="String"> </Data></Cell>
    <Cell ss:StyleID="s76"><Data ss:Type="String"> </Data></Cell>
    <Cell ss:StyleID="s80"><Data ss:Type="String">0</Data></Cell>
    <Cell ss:StyleID="s80"><Data ss:Type="String">0</Data></Cell>
    <Cell ss:StyleID="s76"><Data ss:Type="String">KHACHLE</Data></Cell>
    <Cell ss:StyleID="s76"><Data ss:Type="String">KHOTONG</Data></Cell>
    <Cell ss:StyleID="s80"><Data ss:Type="String"> </Data></Cell>
    <Cell ss:StyleID="s81"><Data ss:Type="Number">0</Data></Cell>
    <Cell ss:StyleID="s81"><Data ss:Type="Number">0</Data></Cell>
   </Row>
   <Row ss:AutoFitHeight="0" ss:Height="14.25">
    <Cell ss:StyleID="s74"><Data ss:Type="String">NL16</Data></Cell>
    <Cell ss:StyleID="s75"><Data ss:Type="String">Nước Lime Cordial (chai 1lit)</Data></Cell>
    <Cell ss:StyleID="s76"><Data ss:Type="String">NL</Data></Cell>
    <Cell ss:StyleID="s77"><Data ss:Type="String">ml</Data></Cell>
    <Cell ss:StyleID="s76"><Data ss:Type="String">chai</Data></Cell>
    <Cell ss:StyleID="s78"><Data ss:Type="Number">1000</Data></Cell>
    <Cell ss:StyleID="s79"><Data ss:Type="Number">55000</Data></Cell>
    <Cell ss:StyleID="s76"><Data ss:Type="String">VND</Data></Cell>
    <Cell ss:StyleID="s76"><Data ss:Type="String"> </Data></Cell>
    <Cell ss:StyleID="s76"><Data ss:Type="String"> </Data></Cell>
    <Cell ss:StyleID="s80"><Data ss:Type="String">0</Data></Cell>
    <Cell ss:StyleID="s80"><Data ss:Type="String">0</Data></Cell>
    <Cell ss:StyleID="s76"><Data ss:Type="String">KHACHLE</Data></Cell>
    <Cell ss:StyleID="s76"><Data ss:Type="String">KHOTONG</Data></Cell>
    <Cell ss:StyleID="s80"><Data ss:Type="String"> </Data></Cell>
    <Cell ss:StyleID="s81"><Data ss:Type="Number">0</Data></Cell>
    <Cell ss:StyleID="s81"><Data ss:Type="Number">0</Data></Cell>
   </Row>
   <Row ss:AutoFitHeight="0" ss:Height="14.25">
    <Cell ss:StyleID="s74"><Data ss:Type="String">NL17</Data></Cell>
    <Cell ss:StyleID="s75"><Data ss:Type="String">Nước Lime's Jiuce (chai 750ml)</Data></Cell>
    <Cell ss:StyleID="s76"><Data ss:Type="String">NL</Data></Cell>
    <Cell ss:StyleID="s77"><Data ss:Type="String">ml</Data></Cell>
    <Cell ss:StyleID="s76"><Data ss:Type="String">chai</Data></Cell>
    <Cell ss:StyleID="s78"><Data ss:Type="Number">750</Data></Cell>
    <Cell ss:StyleID="s79"><Data ss:Type="Number">95000</Data></Cell>
    <Cell ss:StyleID="s76"><Data ss:Type="String">VND</Data></Cell>
    <Cell ss:StyleID="s76"><Data ss:Type="String"> </Data></Cell>
    <Cell ss:StyleID="s76"><Data ss:Type="String"> </Data></Cell>
    <Cell ss:StyleID="s80"><Data ss:Type="String">0</Data></Cell>
    <Cell ss:StyleID="s80"><Data ss:Type="String">0</Data></Cell>
    <Cell ss:StyleID="s76"><Data ss:Type="String">KHACHLE</Data></Cell>
    <Cell ss:StyleID="s76"><Data ss:Type="String">KHOTONG</Data></Cell>
    <Cell ss:StyleID="s80"><Data ss:Type="String"> </Data></Cell>
    <Cell ss:StyleID="s81"><Data ss:Type="Number">0</Data></Cell>
    <Cell ss:StyleID="s81"><Data ss:Type="Number">0</Data></Cell>
   </Row>
   <Row ss:AutoFitHeight="0" ss:Height="14.25">
    <Cell ss:StyleID="s74"><Data ss:Type="String">NL18</Data></Cell>
    <Cell ss:StyleID="s75"><Data ss:Type="String">Nước xoài (chai 1lit)</Data></Cell>
    <Cell ss:StyleID="s76"><Data ss:Type="String">NL</Data></Cell>
    <Cell ss:StyleID="s77"><Data ss:Type="String">ml</Data></Cell>
    <Cell ss:StyleID="s76"><Data ss:Type="String">chai</Data></Cell>
    <Cell ss:StyleID="s78"><Data ss:Type="Number">1000</Data></Cell>
    <Cell ss:StyleID="s79"><Data ss:Type="Number">45000</Data></Cell>
    <Cell ss:StyleID="s76"><Data ss:Type="String">VND</Data></Cell>
    <Cell ss:StyleID="s76"><Data ss:Type="String"> </Data></Cell>
    <Cell ss:StyleID="s76"><Data ss:Type="String"> </Data></Cell>
    <Cell ss:StyleID="s80"><Data ss:Type="String">0</Data></Cell>
    <Cell ss:StyleID="s80"><Data ss:Type="String">0</Data></Cell>
    <Cell ss:StyleID="s76"><Data ss:Type="String">KHACHLE</Data></Cell>
    <Cell ss:StyleID="s76"><Data ss:Type="String">KHOTONG</Data></Cell>
    <Cell ss:StyleID="s80"><Data ss:Type="String"> </Data></Cell>
    <Cell ss:StyleID="s81"><Data ss:Type="Number">0</Data></Cell>
    <Cell ss:StyleID="s81"><Data ss:Type="Number">0</Data></Cell>
   </Row>
   <Row ss:AutoFitHeight="0" ss:Height="14.25">
    <Cell ss:StyleID="s74"><Data ss:Type="String">NL19</Data></Cell>
    <Cell ss:StyleID="s75"><Data ss:Type="String">Rich (hộp 907g)</Data></Cell>
    <Cell ss:StyleID="s76"><Data ss:Type="String">NL</Data></Cell>
    <Cell ss:StyleID="s77"><Data ss:Type="String">gr</Data></Cell>
    <Cell ss:StyleID="s76"><Data ss:Type="String">hop</Data></Cell>
    <Cell ss:StyleID="s78"><Data ss:Type="Number">907</Data></Cell>
    <Cell ss:StyleID="s79"><Data ss:Type="Number">65000</Data></Cell>
    <Cell ss:StyleID="s76"><Data ss:Type="String">VND</Data></Cell>
    <Cell ss:StyleID="s76"><Data ss:Type="String"> </Data></Cell>
    <Cell ss:StyleID="s76"><Data ss:Type="String"> </Data></Cell>
    <Cell ss:StyleID="s80"><Data ss:Type="String">0</Data></Cell>
    <Cell ss:StyleID="s80"><Data ss:Type="String">0</Data></Cell>
    <Cell ss:StyleID="s76"><Data ss:Type="String">KHACHLE</Data></Cell>
    <Cell ss:StyleID="s76"><Data ss:Type="String">KHOTONG</Data></Cell>
    <Cell ss:StyleID="s80"><Data ss:Type="String"> </Data></Cell>
    <Cell ss:StyleID="s81"><Data ss:Type="Number">0</Data></Cell>
    <Cell ss:StyleID="s81"><Data ss:Type="Number">0</Data></Cell>
   </Row>
   <Row ss:AutoFitHeight="0" ss:Height="14.25">
    <Cell ss:StyleID="s74"><Data ss:Type="String">NL20</Data></Cell>
    <Cell ss:StyleID="s75"><Data ss:Type="String">Sữa chua LT (chai 190ml)</Data></Cell>
    <Cell ss:StyleID="s76"><Data ss:Type="String">NL</Data></Cell>
    <Cell ss:StyleID="s77"><Data ss:Type="String">ml</Data></Cell>
    <Cell ss:StyleID="s76"><Data ss:Type="String">chai</Data></Cell>
    <Cell ss:StyleID="s78"><Data ss:Type="Number">190</Data></Cell>
    <Cell ss:StyleID="s79"><Data ss:Type="Number">12000</Data></Cell>
    <Cell ss:StyleID="s76"><Data ss:Type="String">VND</Data></Cell>
    <Cell ss:StyleID="s76"><Data ss:Type="String"> </Data></Cell>
    <Cell ss:StyleID="s76"><Data ss:Type="String"> </Data></Cell>
    <Cell ss:StyleID="s80"><Data ss:Type="String">0</Data></Cell>
    <Cell ss:StyleID="s80"><Data ss:Type="String">0</Data></Cell>
    <Cell ss:StyleID="s76"><Data ss:Type="String">KHACHLE</Data></Cell>
    <Cell ss:StyleID="s76"><Data ss:Type="String">KHOTONG</Data></Cell>
    <Cell ss:StyleID="s80"><Data ss:Type="String"> </Data></Cell>
    <Cell ss:StyleID="s81"><Data ss:Type="Number">0</Data></Cell>
    <Cell ss:StyleID="s81"><Data ss:Type="Number">0</Data></Cell>
   </Row>
   <Row ss:AutoFitHeight="0" ss:Height="14.25">
    <Cell ss:StyleID="s74"><Data ss:Type="String">NL21</Data></Cell>
    <Cell ss:StyleID="s75"><Data ss:Type="String">Sữa tươi 1L</Data></Cell>
    <Cell ss:StyleID="s76"><Data ss:Type="String">NL</Data></Cell>
    <Cell ss:StyleID="s77"><Data ss:Type="String">ml</Data></Cell>
    <Cell ss:StyleID="s76"><Data ss:Type="String">hop</Data></Cell>
    <Cell ss:StyleID="s78"><Data ss:Type="Number">1000</Data></Cell>
    <Cell ss:StyleID="s79"><Data ss:Type="Number">36000</Data></Cell>
    <Cell ss:StyleID="s76"><Data ss:Type="String">VND</Data></Cell>
    <Cell ss:StyleID="s76"><Data ss:Type="String"> </Data></Cell>
    <Cell ss:StyleID="s76"><Data ss:Type="String"> </Data></Cell>
    <Cell ss:StyleID="s80"><Data ss:Type="String">0</Data></Cell>
    <Cell ss:StyleID="s80"><Data ss:Type="String">0</Data></Cell>
    <Cell ss:StyleID="s76"><Data ss:Type="String">KHACHLE</Data></Cell>
    <Cell ss:StyleID="s76"><Data ss:Type="String">KHOTONG</Data></Cell>
    <Cell ss:StyleID="s80"><Data ss:Type="String"> </Data></Cell>
    <Cell ss:StyleID="s81"><Data ss:Type="Number">0</Data></Cell>
    <Cell ss:StyleID="s81"><Data ss:Type="Number">0</Data></Cell>
   </Row>
   <Row ss:AutoFitHeight="0" ss:Height="14.25">
    <Cell ss:StyleID="s74"><Data ss:Type="String">NL22</Data></Cell>
    <Cell ss:StyleID="s75"><Data ss:Type="String">Sữa đặc 1L</Data></Cell>
    <Cell ss:StyleID="s76"><Data ss:Type="String">NL</Data></Cell>
    <Cell ss:StyleID="s77"><Data ss:Type="String">ml</Data></Cell>
    <Cell ss:StyleID="s76"><Data ss:Type="String">hop</Data></Cell>
    <Cell ss:StyleID="s78"><Data ss:Type="Number">1000</Data></Cell>
    <Cell ss:StyleID="s79"><Data ss:Type="Number">40000</Data></Cell>
    <Cell ss:StyleID="s76"><Data ss:Type="String">VND</Data></Cell>
    <Cell ss:StyleID="s76"><Data ss:Type="String"> </Data></Cell>
    <Cell ss:StyleID="s76"><Data ss:Type="String"> </Data></Cell>
    <Cell ss:StyleID="s80"><Data ss:Type="String">0</Data></Cell>
    <Cell ss:StyleID="s80"><Data ss:Type="String">0</Data></Cell>
    <Cell ss:StyleID="s76"><Data ss:Type="String">KHACHLE</Data></Cell>
    <Cell ss:StyleID="s76"><Data ss:Type="String">KHOTONG</Data></Cell>
    <Cell ss:StyleID="s80"><Data ss:Type="String"> </Data></Cell>
    <Cell ss:StyleID="s81"><Data ss:Type="Number">0</Data></Cell>
    <Cell ss:StyleID="s81"><Data ss:Type="Number">0</Data></Cell>
   </Row>
   <Row ss:AutoFitHeight="0" ss:Height="14.25">
    <Cell ss:StyleID="s74"><Data ss:Type="String">NL23</Data></Cell>
    <Cell ss:StyleID="s75"><Data ss:Type="String">Lon soda chương dương</Data></Cell>
    <Cell ss:StyleID="s76"><Data ss:Type="String">NL</Data></Cell>
    <Cell ss:StyleID="s77"><Data ss:Type="String">lon</Data></Cell>
    <Cell ss:StyleID="s76"><Data ss:Type="String">lon</Data></Cell>
    <Cell ss:StyleID="s78"><Data ss:Type="Number">1</Data></Cell>
    <Cell ss:StyleID="s79"><Data ss:Type="Number">3600</Data></Cell>
    <Cell ss:StyleID="s76"><Data ss:Type="String">VND</Data></Cell>
    <Cell ss:StyleID="s76"><Data ss:Type="String"> </Data></Cell>
    <Cell ss:StyleID="s76"><Data ss:Type="String"> </Data></Cell>
    <Cell ss:StyleID="s80"><Data ss:Type="String">0</Data></Cell>
    <Cell ss:StyleID="s80"><Data ss:Type="String">0</Data></Cell>
    <Cell ss:StyleID="s76"><Data ss:Type="String">KHACHLE</Data></Cell>
    <Cell ss:StyleID="s76"><Data ss:Type="String">KHOTONG</Data></Cell>
    <Cell ss:StyleID="s80"><Data ss:Type="String"> </Data></Cell>
    <Cell ss:StyleID="s81"><Data ss:Type="Number">0</Data></Cell>
    <Cell ss:StyleID="s81"><Data ss:Type="Number">0</Data></Cell>
   </Row>
   <Row ss:AutoFitHeight="0" ss:Height="14.25">
    <Cell ss:StyleID="s74"><Data ss:Type="String">NL24</Data></Cell>
    <Cell ss:StyleID="s75"><Data ss:Type="String">Nước ép táo (1lit)</Data></Cell>
    <Cell ss:StyleID="s76"><Data ss:Type="String">NL</Data></Cell>
    <Cell ss:StyleID="s77"><Data ss:Type="String">ml</Data></Cell>
    <Cell ss:StyleID="s76"><Data ss:Type="String">hop</Data></Cell>
    <Cell ss:StyleID="s78"><Data ss:Type="Number">1000</Data></Cell>
    <Cell ss:StyleID="s79"><Data ss:Type="Number">42000</Data></Cell>
    <Cell ss:StyleID="s76"><Data ss:Type="String">VND</Data></Cell>
    <Cell ss:StyleID="s76"><Data ss:Type="String"> </Data></Cell>
    <Cell ss:StyleID="s76"><Data ss:Type="String"> </Data></Cell>
    <Cell ss:StyleID="s80"><Data ss:Type="String">0</Data></Cell>
    <Cell ss:StyleID="s80"><Data ss:Type="String">0</Data></Cell>
    <Cell ss:StyleID="s76"><Data ss:Type="String">KHACHLE</Data></Cell>
    <Cell ss:StyleID="s76"><Data ss:Type="String">KHOTONG</Data></Cell>
    <Cell ss:StyleID="s80"><Data ss:Type="String"> </Data></Cell>
    <Cell ss:StyleID="s81"><Data ss:Type="Number">0</Data></Cell>
    <Cell ss:StyleID="s81"><Data ss:Type="Number">0</Data></Cell>
   </Row>
   <Row ss:AutoFitHeight="0" ss:Height="14.25">
    <Cell ss:StyleID="s74"><Data ss:Type="String">NL25</Data></Cell>
    <Cell ss:StyleID="s75"><Data ss:Type="String">Túi lọc trà xanh (hộp xx gói)</Data></Cell>
    <Cell ss:StyleID="s76"><Data ss:Type="String">NL</Data></Cell>
    <Cell ss:StyleID="s77"><Data ss:Type="String">gói</Data></Cell>
    <Cell ss:StyleID="s76"><Data ss:Type="String">hop</Data></Cell>
    <Cell ss:StyleID="s78"><Data ss:Type="Number">25</Data></Cell>
    <Cell ss:StyleID="s79"><Data ss:Type="Number">40000</Data></Cell>
    <Cell ss:StyleID="s76"><Data ss:Type="String">VND</Data></Cell>
    <Cell ss:StyleID="s76"><Data ss:Type="String"> </Data></Cell>
    <Cell ss:StyleID="s76"><Data ss:Type="String"> </Data></Cell>
    <Cell ss:StyleID="s80"><Data ss:Type="String">0</Data></Cell>
    <Cell ss:StyleID="s80"><Data ss:Type="String">0</Data></Cell>
    <Cell ss:StyleID="s76"><Data ss:Type="String">KHACHLE</Data></Cell>
    <Cell ss:StyleID="s76"><Data ss:Type="String">KHOTONG</Data></Cell>
    <Cell ss:StyleID="s80"><Data ss:Type="String"> </Data></Cell>
    <Cell ss:StyleID="s81"><Data ss:Type="Number">0</Data></Cell>
    <Cell ss:StyleID="s81"><Data ss:Type="Number">0</Data></Cell>
   </Row>
   <Row ss:AutoFitHeight="0" ss:Height="14.25">
    <Cell ss:StyleID="s74"><Data ss:Type="String">NL26</Data></Cell>
    <Cell ss:StyleID="s75"><Data ss:Type="String">Yayout</Data></Cell>
    <Cell ss:StyleID="s76"><Data ss:Type="String">NL</Data></Cell>
    <Cell ss:StyleID="s77"><Data ss:Type="String">hu</Data></Cell>
    <Cell ss:StyleID="s76"><Data ss:Type="String">hu</Data></Cell>
    <Cell ss:StyleID="s78"><Data ss:Type="Number">1</Data></Cell>
    <Cell ss:StyleID="s79"><Data ss:Type="Number">5200</Data></Cell>
    <Cell ss:StyleID="s76"><Data ss:Type="String">VND</Data></Cell>
    <Cell ss:StyleID="s76"><Data ss:Type="String"> </Data></Cell>
    <Cell ss:StyleID="s76"><Data ss:Type="String"> </Data></Cell>
    <Cell ss:StyleID="s80"><Data ss:Type="String">0</Data></Cell>
    <Cell ss:StyleID="s80"><Data ss:Type="String">0</Data></Cell>
    <Cell ss:StyleID="s76"><Data ss:Type="String">KHACHLE</Data></Cell>
    <Cell ss:StyleID="s76"><Data ss:Type="String">KHOTONG</Data></Cell>
    <Cell ss:StyleID="s80"><Data ss:Type="String"> </Data></Cell>
    <Cell ss:StyleID="s81"><Data ss:Type="Number">0</Data></Cell>
    <Cell ss:StyleID="s81"><Data ss:Type="Number">0</Data></Cell>
   </Row>
   <Row ss:AutoFitHeight="0" ss:Height="14.25">
    <Cell ss:StyleID="s74"><Data ss:Type="String">NL27</Data></Cell>
    <Cell ss:StyleID="s75"><Data ss:Type="String">Hộp kem Vanilla</Data></Cell>
    <Cell ss:StyleID="s76"><Data ss:Type="String">NL</Data></Cell>
    <Cell ss:StyleID="s77"><Data ss:Type="String">ml</Data></Cell>
    <Cell ss:StyleID="s76"><Data ss:Type="String">hop</Data></Cell>
    <Cell ss:StyleID="s78"><Data ss:Type="Number">500</Data></Cell>
    <Cell ss:StyleID="s79"><Data ss:Type="Number">60000</Data></Cell>
    <Cell ss:StyleID="s76"><Data ss:Type="String">VND</Data></Cell>
    <Cell ss:StyleID="s76"><Data ss:Type="String"> </Data></Cell>
    <Cell ss:StyleID="s76"><Data ss:Type="String"> </Data></Cell>
    <Cell ss:StyleID="s80"><Data ss:Type="String">0</Data></Cell>
    <Cell ss:StyleID="s80"><Data ss:Type="String">0</Data></Cell>
    <Cell ss:StyleID="s76"><Data ss:Type="String">KHACHLE</Data></Cell>
    <Cell ss:StyleID="s76"><Data ss:Type="String">KHOTONG</Data></Cell>
    <Cell ss:StyleID="s80"><Data ss:Type="String"> </Data></Cell>
    <Cell ss:StyleID="s81"><Data ss:Type="Number">0</Data></Cell>
    <Cell ss:StyleID="s81"><Data ss:Type="Number">0</Data></Cell>
   </Row>
   <Row ss:AutoFitHeight="0" ss:Height="14.25">
    <Cell ss:StyleID="s74"><Data ss:Type="String">NL28</Data></Cell>
    <Cell ss:StyleID="s75"><Data ss:Type="String">Hộp kem Chocalate</Data></Cell>
    <Cell ss:StyleID="s76"><Data ss:Type="String">NL</Data></Cell>
    <Cell ss:StyleID="s77"><Data ss:Type="String">ml</Data></Cell>
    <Cell ss:StyleID="s76"><Data ss:Type="String">hop</Data></Cell>
    <Cell ss:StyleID="s78"><Data ss:Type="Number">500</Data></Cell>
    <Cell ss:StyleID="s79"><Data ss:Type="Number">60000</Data></Cell>
    <Cell ss:StyleID="s76"><Data ss:Type="String">VND</Data></Cell>
    <Cell ss:StyleID="s76"><Data ss:Type="String"> </Data></Cell>
    <Cell ss:StyleID="s76"><Data ss:Type="String"> </Data></Cell>
    <Cell ss:StyleID="s80"><Data ss:Type="String">0</Data></Cell>
    <Cell ss:StyleID="s80"><Data ss:Type="String">0</Data></Cell>
    <Cell ss:StyleID="s76"><Data ss:Type="String">KHACHLE</Data></Cell>
    <Cell ss:StyleID="s76"><Data ss:Type="String">KHOTONG</Data></Cell>
    <Cell ss:StyleID="s80"><Data ss:Type="String"> </Data></Cell>
    <Cell ss:StyleID="s81"><Data ss:Type="Number">0</Data></Cell>
    <Cell ss:StyleID="s81"><Data ss:Type="Number">0</Data></Cell>
   </Row>
   <Row ss:AutoFitHeight="0" ss:Height="14.25">
    <Cell ss:StyleID="s74"><Data ss:Type="String">SR01</Data></Cell>
    <Cell ss:StyleID="s75"><Data ss:Type="String">Banana Syrup (chai 750ml)</Data></Cell>
    <Cell ss:StyleID="s76"><Data ss:Type="String">SR</Data></Cell>
    <Cell ss:StyleID="s77"><Data ss:Type="String">ml</Data></Cell>
    <Cell ss:StyleID="s76"><Data ss:Type="String">chai</Data></Cell>
    <Cell ss:StyleID="s78"><Data ss:Type="Number">750</Data></Cell>
    <Cell ss:StyleID="s79"><Data ss:Type="Number">170000</Data></Cell>
    <Cell ss:StyleID="s76"><Data ss:Type="String">VND</Data></Cell>
    <Cell ss:StyleID="s76"><Data ss:Type="String"> </Data></Cell>
    <Cell ss:StyleID="s76"><Data ss:Type="String"> </Data></Cell>
    <Cell ss:StyleID="s80"><Data ss:Type="String">0</Data></Cell>
    <Cell ss:StyleID="s80"><Data ss:Type="String">0</Data></Cell>
    <Cell ss:StyleID="s76"><Data ss:Type="String">KHACHLE</Data></Cell>
    <Cell ss:StyleID="s76"><Data ss:Type="String">KHOTONG</Data></Cell>
    <Cell ss:StyleID="s80"><Data ss:Type="String"> </Data></Cell>
    <Cell ss:StyleID="s81"><Data ss:Type="Number">0</Data></Cell>
    <Cell ss:StyleID="s81"><Data ss:Type="Number">0</Data></Cell>
   </Row>
   <Row ss:AutoFitHeight="0" ss:Height="14.25">
    <Cell ss:StyleID="s74"><Data ss:Type="String">SR02</Data></Cell>
    <Cell ss:StyleID="s75"><Data ss:Type="String">Blue Curacao Syrup (chai 750ml)</Data></Cell>
    <Cell ss:StyleID="s76"><Data ss:Type="String">SR</Data></Cell>
    <Cell ss:StyleID="s77"><Data ss:Type="String">ml</Data></Cell>
    <Cell ss:StyleID="s76"><Data ss:Type="String">chai</Data></Cell>
    <Cell ss:StyleID="s78"><Data ss:Type="Number">750</Data></Cell>
    <Cell ss:StyleID="s79"><Data ss:Type="Number">170000</Data></Cell>
    <Cell ss:StyleID="s76"><Data ss:Type="String">VND</Data></Cell>
    <Cell ss:StyleID="s76"><Data ss:Type="String"> </Data></Cell>
    <Cell ss:StyleID="s76"><Data ss:Type="String"> </Data></Cell>
    <Cell ss:StyleID="s80"><Data ss:Type="String">0</Data></Cell>
    <Cell ss:StyleID="s80"><Data ss:Type="String">0</Data></Cell>
    <Cell ss:StyleID="s76"><Data ss:Type="String">KHACHLE</Data></Cell>
    <Cell ss:StyleID="s76"><Data ss:Type="String">KHOTONG</Data></Cell>
    <Cell ss:StyleID="s80"><Data ss:Type="String"> </Data></Cell>
    <Cell ss:StyleID="s81"><Data ss:Type="Number">0</Data></Cell>
    <Cell ss:StyleID="s81"><Data ss:Type="Number">0</Data></Cell>
   </Row>
   <Row ss:AutoFitHeight="0" ss:Height="14.25">
    <Cell ss:StyleID="s74"><Data ss:Type="String">SR03</Data></Cell>
    <Cell ss:StyleID="s75"><Data ss:Type="String">Caremel Syrup (chai 750ml)</Data></Cell>
    <Cell ss:StyleID="s76"><Data ss:Type="String">SR</Data></Cell>
    <Cell ss:StyleID="s77"><Data ss:Type="String">ml</Data></Cell>
    <Cell ss:StyleID="s76"><Data ss:Type="String">chai</Data></Cell>
    <Cell ss:StyleID="s78"><Data ss:Type="Number">750</Data></Cell>
    <Cell ss:StyleID="s79"><Data ss:Type="Number">170000</Data></Cell>
    <Cell ss:StyleID="s76"><Data ss:Type="String">VND</Data></Cell>
    <Cell ss:StyleID="s76"><Data ss:Type="String"> </Data></Cell>
    <Cell ss:StyleID="s76"><Data ss:Type="String"> </Data></Cell>
    <Cell ss:StyleID="s80"><Data ss:Type="String">0</Data></Cell>
    <Cell ss:StyleID="s80"><Data ss:Type="String">0</Data></Cell>
    <Cell ss:StyleID="s76"><Data ss:Type="String">KHACHLE</Data></Cell>
    <Cell ss:StyleID="s76"><Data ss:Type="String">KHOTONG</Data></Cell>
    <Cell ss:StyleID="s80"><Data ss:Type="String"> </Data></Cell>
    <Cell ss:StyleID="s81"><Data ss:Type="Number">0</Data></Cell>
    <Cell ss:StyleID="s81"><Data ss:Type="Number">0</Data></Cell>
   </Row>
   <Row ss:AutoFitHeight="0" ss:Height="14.25">
    <Cell ss:StyleID="s74"><Data ss:Type="String">SR04</Data></Cell>
    <Cell ss:StyleID="s75"><Data ss:Type="String">Cookie Choco Syrup (chai 750ml)</Data></Cell>
    <Cell ss:StyleID="s76"><Data ss:Type="String">SR</Data></Cell>
    <Cell ss:StyleID="s77"><Data ss:Type="String">ml</Data></Cell>
    <Cell ss:StyleID="s76"><Data ss:Type="String">chai</Data></Cell>
    <Cell ss:StyleID="s78"><Data ss:Type="Number">750</Data></Cell>
    <Cell ss:StyleID="s79"><Data ss:Type="Number">170000</Data></Cell>
    <Cell ss:StyleID="s76"><Data ss:Type="String">VND</Data></Cell>
    <Cell ss:StyleID="s76"><Data ss:Type="String"> </Data></Cell>
    <Cell ss:StyleID="s76"><Data ss:Type="String"> </Data></Cell>
    <Cell ss:StyleID="s80"><Data ss:Type="String">0</Data></Cell>
    <Cell ss:StyleID="s80"><Data ss:Type="String">0</Data></Cell>
    <Cell ss:StyleID="s76"><Data ss:Type="String">KHACHLE</Data></Cell>
    <Cell ss:StyleID="s76"><Data ss:Type="String">KHOTONG</Data></Cell>
    <Cell ss:StyleID="s80"><Data ss:Type="String"> </Data></Cell>
    <Cell ss:StyleID="s81"><Data ss:Type="Number">0</Data></Cell>
    <Cell ss:StyleID="s81"><Data ss:Type="Number">0</Data></Cell>
   </Row>
   <Row ss:AutoFitHeight="0" ss:Height="14.25">
    <Cell ss:StyleID="s74"><Data ss:Type="String">SR05</Data></Cell>
    <Cell ss:StyleID="s75"><Data ss:Type="String">Cucumber Syrup (chai 750ml)</Data></Cell>
    <Cell ss:StyleID="s76"><Data ss:Type="String">SR</Data></Cell>
    <Cell ss:StyleID="s77"><Data ss:Type="String">ml</Data></Cell>
    <Cell ss:StyleID="s76"><Data ss:Type="String">chai</Data></Cell>
    <Cell ss:StyleID="s78"><Data ss:Type="Number">750</Data></Cell>
    <Cell ss:StyleID="s79"><Data ss:Type="Number">170000</Data></Cell>
    <Cell ss:StyleID="s76"><Data ss:Type="String">VND</Data></Cell>
    <Cell ss:StyleID="s76"><Data ss:Type="String"> </Data></Cell>
    <Cell ss:StyleID="s76"><Data ss:Type="String"> </Data></Cell>
    <Cell ss:StyleID="s80"><Data ss:Type="String">0</Data></Cell>
    <Cell ss:StyleID="s80"><Data ss:Type="String">0</Data></Cell>
    <Cell ss:StyleID="s76"><Data ss:Type="String">KHACHLE</Data></Cell>
    <Cell ss:StyleID="s76"><Data ss:Type="String">KHOTONG</Data></Cell>
    <Cell ss:StyleID="s80"><Data ss:Type="String"> </Data></Cell>
    <Cell ss:StyleID="s81"><Data ss:Type="Number">0</Data></Cell>
    <Cell ss:StyleID="s81"><Data ss:Type="Number">0</Data></Cell>
   </Row>
   <Row ss:AutoFitHeight="0" ss:Height="14.25">
    <Cell ss:StyleID="s74"><Data ss:Type="String">SR06</Data></Cell>
    <Cell ss:StyleID="s75"><Data ss:Type="String">Hershey's Chocolate (chai 640g)</Data></Cell>
    <Cell ss:StyleID="s76"><Data ss:Type="String">SR</Data></Cell>
    <Cell ss:StyleID="s77"><Data ss:Type="String">gr</Data></Cell>
    <Cell ss:StyleID="s76"><Data ss:Type="String">chai</Data></Cell>
    <Cell ss:StyleID="s78"><Data ss:Type="Number">640</Data></Cell>
    <Cell ss:StyleID="s79"><Data ss:Type="Number">85000</Data></Cell>
    <Cell ss:StyleID="s76"><Data ss:Type="String">VND</Data></Cell>
    <Cell ss:StyleID="s76"><Data ss:Type="String"> </Data></Cell>
    <Cell ss:StyleID="s76"><Data ss:Type="String"> </Data></Cell>
    <Cell ss:StyleID="s80"><Data ss:Type="String">0</Data></Cell>
    <Cell ss:StyleID="s80"><Data ss:Type="String">0</Data></Cell>
    <Cell ss:StyleID="s76"><Data ss:Type="String">KHACHLE</Data></Cell>
    <Cell ss:StyleID="s76"><Data ss:Type="String">KHOTONG</Data></Cell>
    <Cell ss:StyleID="s80"><Data ss:Type="String"> </Data></Cell>
    <Cell ss:StyleID="s81"><Data ss:Type="Number">0</Data></Cell>
    <Cell ss:StyleID="s81"><Data ss:Type="Number">0</Data></Cell>
   </Row>
   <Row ss:AutoFitHeight="0" ss:Height="14.25">
    <Cell ss:StyleID="s74"><Data ss:Type="String">SR07</Data></Cell>
    <Cell ss:StyleID="s75"><Data ss:Type="String">Green Apple Juice (chai 750ml) </Data></Cell>
    <Cell ss:StyleID="s76"><Data ss:Type="String">SR</Data></Cell>
    <Cell ss:StyleID="s77"><Data ss:Type="String">ml</Data></Cell>
    <Cell ss:StyleID="s76"><Data ss:Type="String">chai</Data></Cell>
    <Cell ss:StyleID="s78"><Data ss:Type="Number">750</Data></Cell>
    <Cell ss:StyleID="s79"><Data ss:Type="Number">170000</Data></Cell>
    <Cell ss:StyleID="s76"><Data ss:Type="String">VND</Data></Cell>
    <Cell ss:StyleID="s76"><Data ss:Type="String"> </Data></Cell>
    <Cell ss:StyleID="s76"><Data ss:Type="String"> </Data></Cell>
    <Cell ss:StyleID="s80"><Data ss:Type="String">0</Data></Cell>
    <Cell ss:StyleID="s80"><Data ss:Type="String">0</Data></Cell>
    <Cell ss:StyleID="s76"><Data ss:Type="String">KHACHLE</Data></Cell>
    <Cell ss:StyleID="s76"><Data ss:Type="String">KHOTONG</Data></Cell>
    <Cell ss:StyleID="s80"><Data ss:Type="String"> </Data></Cell>
    <Cell ss:StyleID="s81"><Data ss:Type="Number">0</Data></Cell>
    <Cell ss:StyleID="s81"><Data ss:Type="Number">0</Data></Cell>
   </Row>
   <Row ss:AutoFitHeight="0" ss:Height="14.25">
    <Cell ss:StyleID="s74"><Data ss:Type="String">SR08</Data></Cell>
    <Cell ss:StyleID="s75"><Data ss:Type="String">Hazalnut Syrup (chai 750ml)</Data></Cell>
    <Cell ss:StyleID="s76"><Data ss:Type="String">SR</Data></Cell>
    <Cell ss:StyleID="s77"><Data ss:Type="String">ml</Data></Cell>
    <Cell ss:StyleID="s76"><Data ss:Type="String">chai</Data></Cell>
    <Cell ss:StyleID="s78"><Data ss:Type="Number">750</Data></Cell>
    <Cell ss:StyleID="s79"><Data ss:Type="Number">170000</Data></Cell>
    <Cell ss:StyleID="s76"><Data ss:Type="String">VND</Data></Cell>
    <Cell ss:StyleID="s76"><Data ss:Type="String"> </Data></Cell>
    <Cell ss:StyleID="s76"><Data ss:Type="String"> </Data></Cell>
    <Cell ss:StyleID="s80"><Data ss:Type="String">0</Data></Cell>
    <Cell ss:StyleID="s80"><Data ss:Type="String">0</Data></Cell>
    <Cell ss:StyleID="s76"><Data ss:Type="String">KHACHLE</Data></Cell>
    <Cell ss:StyleID="s76"><Data ss:Type="String">KHOTONG</Data></Cell>
    <Cell ss:StyleID="s80"><Data ss:Type="String"> </Data></Cell>
    <Cell ss:StyleID="s81"><Data ss:Type="Number">0</Data></Cell>
    <Cell ss:StyleID="s81"><Data ss:Type="Number">0</Data></Cell>
   </Row>
   <Row ss:AutoFitHeight="0" ss:Height="14.25">
    <Cell ss:StyleID="s74"><Data ss:Type="String">SR09</Data></Cell>
    <Cell ss:StyleID="s75"><Data ss:Type="String">Kiwi Juice (chai 750ml)</Data></Cell>
    <Cell ss:StyleID="s76"><Data ss:Type="String">SR</Data></Cell>
    <Cell ss:StyleID="s77"><Data ss:Type="String">ml</Data></Cell>
    <Cell ss:StyleID="s76"><Data ss:Type="String">chai</Data></Cell>
    <Cell ss:StyleID="s78"><Data ss:Type="Number">750</Data></Cell>
    <Cell ss:StyleID="s79"><Data ss:Type="Number">170000</Data></Cell>
    <Cell ss:StyleID="s76"><Data ss:Type="String">VND</Data></Cell>
    <Cell ss:StyleID="s76"><Data ss:Type="String"> </Data></Cell>
    <Cell ss:StyleID="s76"><Data ss:Type="String"> </Data></Cell>
    <Cell ss:StyleID="s80"><Data ss:Type="String">0</Data></Cell>
    <Cell ss:StyleID="s80"><Data ss:Type="String">0</Data></Cell>
    <Cell ss:StyleID="s76"><Data ss:Type="String">KHACHLE</Data></Cell>
    <Cell ss:StyleID="s76"><Data ss:Type="String">KHOTONG</Data></Cell>
    <Cell ss:StyleID="s80"><Data ss:Type="String"> </Data></Cell>
    <Cell ss:StyleID="s81"><Data ss:Type="Number">0</Data></Cell>
    <Cell ss:StyleID="s81"><Data ss:Type="Number">0</Data></Cell>
   </Row>
   <Row ss:AutoFitHeight="0" ss:Height="14.25">
    <Cell ss:StyleID="s74"><Data ss:Type="String">SR10</Data></Cell>
    <Cell ss:StyleID="s75"><Data ss:Type="String">Mint Syrup (chai 750ml)</Data></Cell>
    <Cell ss:StyleID="s76"><Data ss:Type="String">SR</Data></Cell>
    <Cell ss:StyleID="s77"><Data ss:Type="String">ml</Data></Cell>
    <Cell ss:StyleID="s76"><Data ss:Type="String">chai</Data></Cell>
    <Cell ss:StyleID="s78"><Data ss:Type="Number">750</Data></Cell>
    <Cell ss:StyleID="s79"><Data ss:Type="Number">170000</Data></Cell>
    <Cell ss:StyleID="s76"><Data ss:Type="String">VND</Data></Cell>
    <Cell ss:StyleID="s76"><Data ss:Type="String"> </Data></Cell>
    <Cell ss:StyleID="s76"><Data ss:Type="String"> </Data></Cell>
    <Cell ss:StyleID="s80"><Data ss:Type="String">0</Data></Cell>
    <Cell ss:StyleID="s80"><Data ss:Type="String">0</Data></Cell>
    <Cell ss:StyleID="s76"><Data ss:Type="String">KHACHLE</Data></Cell>
    <Cell ss:StyleID="s76"><Data ss:Type="String">KHOTONG</Data></Cell>
    <Cell ss:StyleID="s80"><Data ss:Type="String"> </Data></Cell>
    <Cell ss:StyleID="s81"><Data ss:Type="Number">0</Data></Cell>
    <Cell ss:StyleID="s81"><Data ss:Type="Number">0</Data></Cell>
   </Row>
   <Row ss:AutoFitHeight="0" ss:Height="14.25">
    <Cell ss:StyleID="s74"><Data ss:Type="String">SR11</Data></Cell>
    <Cell ss:StyleID="s75"><Data ss:Type="String">Mojito Syrup (chai 750ml)</Data></Cell>
    <Cell ss:StyleID="s76"><Data ss:Type="String">SR</Data></Cell>
    <Cell ss:StyleID="s77"><Data ss:Type="String">ml</Data></Cell>
    <Cell ss:StyleID="s76"><Data ss:Type="String">chai</Data></Cell>
    <Cell ss:StyleID="s78"><Data ss:Type="Number">750</Data></Cell>
    <Cell ss:StyleID="s79"><Data ss:Type="Number">170000</Data></Cell>
    <Cell ss:StyleID="s76"><Data ss:Type="String">VND</Data></Cell>
    <Cell ss:StyleID="s76"><Data ss:Type="String"> </Data></Cell>
    <Cell ss:StyleID="s76"><Data ss:Type="String"> </Data></Cell>
    <Cell ss:StyleID="s80"><Data ss:Type="String">0</Data></Cell>
    <Cell ss:StyleID="s80"><Data ss:Type="String">0</Data></Cell>
    <Cell ss:StyleID="s76"><Data ss:Type="String">KHACHLE</Data></Cell>
    <Cell ss:StyleID="s76"><Data ss:Type="String">KHOTONG</Data></Cell>
    <Cell ss:StyleID="s80"><Data ss:Type="String"> </Data></Cell>
    <Cell ss:StyleID="s81"><Data ss:Type="Number">0</Data></Cell>
    <Cell ss:StyleID="s81"><Data ss:Type="Number">0</Data></Cell>
   </Row>
   <Row ss:AutoFitHeight="0" ss:Height="14.25">
    <Cell ss:StyleID="s74"><Data ss:Type="String">SR12</Data></Cell>
    <Cell ss:StyleID="s75"><Data ss:Type="String">Rose Syrup (chai 750ml)</Data></Cell>
    <Cell ss:StyleID="s76"><Data ss:Type="String">SR</Data></Cell>
    <Cell ss:StyleID="s77"><Data ss:Type="String">ml</Data></Cell>
    <Cell ss:StyleID="s76"><Data ss:Type="String">chai</Data></Cell>
    <Cell ss:StyleID="s78"><Data ss:Type="Number">750</Data></Cell>
    <Cell ss:StyleID="s79"><Data ss:Type="Number">170000</Data></Cell>
    <Cell ss:StyleID="s76"><Data ss:Type="String">VND</Data></Cell>
    <Cell ss:StyleID="s76"><Data ss:Type="String"> </Data></Cell>
    <Cell ss:StyleID="s76"><Data ss:Type="String"> </Data></Cell>
    <Cell ss:StyleID="s80"><Data ss:Type="String">0</Data></Cell>
    <Cell ss:StyleID="s80"><Data ss:Type="String">0</Data></Cell>
    <Cell ss:StyleID="s76"><Data ss:Type="String">KHACHLE</Data></Cell>
    <Cell ss:StyleID="s76"><Data ss:Type="String">KHOTONG</Data></Cell>
    <Cell ss:StyleID="s80"><Data ss:Type="String"> </Data></Cell>
    <Cell ss:StyleID="s81"><Data ss:Type="Number">0</Data></Cell>
    <Cell ss:StyleID="s81"><Data ss:Type="Number">0</Data></Cell>
   </Row>
   <Row ss:AutoFitHeight="0" ss:Height="14.25">
    <Cell ss:StyleID="s74"><Data ss:Type="String">SR13</Data></Cell>
    <Cell ss:StyleID="s75"><Data ss:Type="String">Tiramisu Syrup (chai 750ml)</Data></Cell>
    <Cell ss:StyleID="s76"><Data ss:Type="String">SR</Data></Cell>
    <Cell ss:StyleID="s77"><Data ss:Type="String">ml</Data></Cell>
    <Cell ss:StyleID="s76"><Data ss:Type="String">chai</Data></Cell>
    <Cell ss:StyleID="s78"><Data ss:Type="Number">750</Data></Cell>
    <Cell ss:StyleID="s79"><Data ss:Type="Number">170000</Data></Cell>
    <Cell ss:StyleID="s76"><Data ss:Type="String">VND</Data></Cell>
    <Cell ss:StyleID="s76"><Data ss:Type="String"> </Data></Cell>
    <Cell ss:StyleID="s76"><Data ss:Type="String"> </Data></Cell>
    <Cell ss:StyleID="s80"><Data ss:Type="String">0</Data></Cell>
    <Cell ss:StyleID="s80"><Data ss:Type="String">0</Data></Cell>
    <Cell ss:StyleID="s76"><Data ss:Type="String">KHACHLE</Data></Cell>
    <Cell ss:StyleID="s76"><Data ss:Type="String">KHOTONG</Data></Cell>
    <Cell ss:StyleID="s80"><Data ss:Type="String"> </Data></Cell>
    <Cell ss:StyleID="s81"><Data ss:Type="Number">0</Data></Cell>
    <Cell ss:StyleID="s81"><Data ss:Type="Number">0</Data></Cell>
   </Row>
   <Row ss:AutoFitHeight="0" ss:Height="14.25">
    <Cell ss:StyleID="s74"><Data ss:Type="String">SR14</Data></Cell>
    <Cell ss:StyleID="s75"><Data ss:Type="String">Vanilla Syrup (chai 750ml)</Data></Cell>
    <Cell ss:StyleID="s76"><Data ss:Type="String">SR</Data></Cell>
    <Cell ss:StyleID="s77"><Data ss:Type="String">ml</Data></Cell>
    <Cell ss:StyleID="s76"><Data ss:Type="String">chai</Data></Cell>
    <Cell ss:StyleID="s78"><Data ss:Type="Number">750</Data></Cell>
    <Cell ss:StyleID="s79"><Data ss:Type="Number">170000</Data></Cell>
    <Cell ss:StyleID="s76"><Data ss:Type="String">VND</Data></Cell>
    <Cell ss:StyleID="s76"><Data ss:Type="String"> </Data></Cell>
    <Cell ss:StyleID="s76"><Data ss:Type="String"> </Data></Cell>
    <Cell ss:StyleID="s80"><Data ss:Type="String">0</Data></Cell>
    <Cell ss:StyleID="s80"><Data ss:Type="String">0</Data></Cell>
    <Cell ss:StyleID="s76"><Data ss:Type="String">KHACHLE</Data></Cell>
    <Cell ss:StyleID="s76"><Data ss:Type="String">KHOTONG</Data></Cell>
    <Cell ss:StyleID="s80"><Data ss:Type="String"> </Data></Cell>
    <Cell ss:StyleID="s81"><Data ss:Type="Number">0</Data></Cell>
    <Cell ss:StyleID="s81"><Data ss:Type="Number">0</Data></Cell>
   </Row>
   <Row ss:AutoFitHeight="0" ss:Height="14.25">
    <Cell ss:StyleID="s74"><Data ss:Type="String">TC01</Data></Cell>
    <Cell ss:StyleID="s75"><Data ss:Type="String">Bơ (kg)</Data></Cell>
    <Cell ss:StyleID="s76"><Data ss:Type="String">TC</Data></Cell>
    <Cell ss:StyleID="s77"><Data ss:Type="String">gr</Data></Cell>
    <Cell ss:StyleID="s76"><Data ss:Type="String">kg</Data></Cell>
    <Cell ss:StyleID="s78"><Data ss:Type="Number">1000</Data></Cell>
    <Cell ss:StyleID="s79"><Data ss:Type="Number">30000</Data></Cell>
    <Cell ss:StyleID="s76"><Data ss:Type="String">VND</Data></Cell>
    <Cell ss:StyleID="s76"><Data ss:Type="String"> </Data></Cell>
    <Cell ss:StyleID="s76"><Data ss:Type="String"> </Data></Cell>
    <Cell ss:StyleID="s80"><Data ss:Type="String">0</Data></Cell>
    <Cell ss:StyleID="s80"><Data ss:Type="String">0</Data></Cell>
    <Cell ss:StyleID="s76"><Data ss:Type="String">KHACHLE</Data></Cell>
    <Cell ss:StyleID="s76"><Data ss:Type="String">KHOTONG</Data></Cell>
    <Cell ss:StyleID="s80"><Data ss:Type="String"> </Data></Cell>
    <Cell ss:StyleID="s81"><Data ss:Type="Number">0</Data></Cell>
    <Cell ss:StyleID="s81"><Data ss:Type="Number">0</Data></Cell>
   </Row>
   <Row ss:AutoFitHeight="0" ss:Height="14.25">
    <Cell ss:StyleID="s74"><Data ss:Type="String">TC02</Data></Cell>
    <Cell ss:StyleID="s75"><Data ss:Type="String">Bưởi (1 kg)</Data></Cell>
    <Cell ss:StyleID="s76"><Data ss:Type="String">TC</Data></Cell>
    <Cell ss:StyleID="s77"><Data ss:Type="String">ml</Data></Cell>
    <Cell ss:StyleID="s76"><Data ss:Type="String">kg</Data></Cell>
    <Cell ss:StyleID="s78"><Data ss:Type="Number">300</Data></Cell>
    <Cell ss:StyleID="s79"><Data ss:Type="Number">28000</Data></Cell>
    <Cell ss:StyleID="s76"><Data ss:Type="String">VND</Data></Cell>
    <Cell ss:StyleID="s76"><Data ss:Type="String"> </Data></Cell>
    <Cell ss:StyleID="s76"><Data ss:Type="String"> </Data></Cell>
    <Cell ss:StyleID="s80"><Data ss:Type="String">0</Data></Cell>
    <Cell ss:StyleID="s80"><Data ss:Type="String">0</Data></Cell>
    <Cell ss:StyleID="s76"><Data ss:Type="String">KHACHLE</Data></Cell>
    <Cell ss:StyleID="s76"><Data ss:Type="String">KHOTONG</Data></Cell>
    <Cell ss:StyleID="s80"><Data ss:Type="String"> </Data></Cell>
    <Cell ss:StyleID="s81"><Data ss:Type="Number">0</Data></Cell>
    <Cell ss:StyleID="s81"><Data ss:Type="Number">0</Data></Cell>
   </Row>
   <Row ss:AutoFitHeight="0" ss:Height="14.25">
    <Cell ss:StyleID="s74"><Data ss:Type="String">TC03</Data></Cell>
    <Cell ss:StyleID="s75"><Data ss:Type="String">Cam (1 kg)</Data></Cell>
    <Cell ss:StyleID="s76"><Data ss:Type="String">TC</Data></Cell>
    <Cell ss:StyleID="s77"><Data ss:Type="String">ml</Data></Cell>
    <Cell ss:StyleID="s76"><Data ss:Type="String">kg</Data></Cell>
    <Cell ss:StyleID="s78"><Data ss:Type="Number">300</Data></Cell>
    <Cell ss:StyleID="s79"><Data ss:Type="Number">22000</Data></Cell>
    <Cell ss:StyleID="s76"><Data ss:Type="String">VND</Data></Cell>
    <Cell ss:StyleID="s76"><Data ss:Type="String"> </Data></Cell>
    <Cell ss:StyleID="s76"><Data ss:Type="String"> </Data></Cell>
    <Cell ss:StyleID="s80"><Data ss:Type="String">0</Data></Cell>
    <Cell ss:StyleID="s80"><Data ss:Type="String">0</Data></Cell>
    <Cell ss:StyleID="s76"><Data ss:Type="String">KHACHLE</Data></Cell>
    <Cell ss:StyleID="s76"><Data ss:Type="String">KHOTONG</Data></Cell>
    <Cell ss:StyleID="s80"><Data ss:Type="String"> </Data></Cell>
    <Cell ss:StyleID="s81"><Data ss:Type="Number">0</Data></Cell>
    <Cell ss:StyleID="s81"><Data ss:Type="Number">0</Data></Cell>
   </Row>
   <Row ss:AutoFitHeight="0" ss:Height="14.25">
    <Cell ss:StyleID="s74"><Data ss:Type="String">TC04</Data></Cell>
    <Cell ss:StyleID="s75"><Data ss:Type="String">Chanh dây (1 kg)</Data></Cell>
    <Cell ss:StyleID="s76"><Data ss:Type="String">TC</Data></Cell>
    <Cell ss:StyleID="s77"><Data ss:Type="String">ml</Data></Cell>
    <Cell ss:StyleID="s76"><Data ss:Type="String">kg</Data></Cell>
    <Cell ss:StyleID="s78"><Data ss:Type="Number">240</Data></Cell>
    <Cell ss:StyleID="s79"><Data ss:Type="Number">25000</Data></Cell>
    <Cell ss:StyleID="s76"><Data ss:Type="String">VND</Data></Cell>
    <Cell ss:StyleID="s76"><Data ss:Type="String"> </Data></Cell>
    <Cell ss:StyleID="s76"><Data ss:Type="String"> </Data></Cell>
    <Cell ss:StyleID="s80"><Data ss:Type="String">0</Data></Cell>
    <Cell ss:StyleID="s80"><Data ss:Type="String">0</Data></Cell>
    <Cell ss:StyleID="s76"><Data ss:Type="String">KHACHLE</Data></Cell>
    <Cell ss:StyleID="s76"><Data ss:Type="String">KHOTONG</Data></Cell>
    <Cell ss:StyleID="s80"><Data ss:Type="String"> </Data></Cell>
    <Cell ss:StyleID="s81"><Data ss:Type="Number">0</Data></Cell>
    <Cell ss:StyleID="s81"><Data ss:Type="Number">0</Data></Cell>
   </Row>
   <Row ss:AutoFitHeight="0" ss:Height="14.25">
    <Cell ss:StyleID="s74"><Data ss:Type="String">TC05</Data></Cell>
    <Cell ss:StyleID="s75"><Data ss:Type="String">Chuối (1 kg)</Data></Cell>
    <Cell ss:StyleID="s76"><Data ss:Type="String">TC</Data></Cell>
    <Cell ss:StyleID="s77"><Data ss:Type="String">gr</Data></Cell>
    <Cell ss:StyleID="s76"><Data ss:Type="String">kg</Data></Cell>
    <Cell ss:StyleID="s78"><Data ss:Type="Number">1000</Data></Cell>
    <Cell ss:StyleID="s79"><Data ss:Type="Number">10000</Data></Cell>
    <Cell ss:StyleID="s76"><Data ss:Type="String">VND</Data></Cell>
    <Cell ss:StyleID="s76"><Data ss:Type="String"> </Data></Cell>
    <Cell ss:StyleID="s76"><Data ss:Type="String"> </Data></Cell>
    <Cell ss:StyleID="s80"><Data ss:Type="String">0</Data></Cell>
    <Cell ss:StyleID="s80"><Data ss:Type="String">0</Data></Cell>
    <Cell ss:StyleID="s76"><Data ss:Type="String">KHACHLE</Data></Cell>
    <Cell ss:StyleID="s76"><Data ss:Type="String">KHOTONG</Data></Cell>
    <Cell ss:StyleID="s80"><Data ss:Type="String"> </Data></Cell>
    <Cell ss:StyleID="s81"><Data ss:Type="Number">0</Data></Cell>
    <Cell ss:StyleID="s81"><Data ss:Type="Number">0</Data></Cell>
   </Row>
   <Row ss:AutoFitHeight="0" ss:Height="14.25">
    <Cell ss:StyleID="s74"><Data ss:Type="String">TC06</Data></Cell>
    <Cell ss:StyleID="s75"><Data ss:Type="String">Dâu tằm (1 kg)</Data></Cell>
    <Cell ss:StyleID="s76"><Data ss:Type="String">TC</Data></Cell>
    <Cell ss:StyleID="s77"><Data ss:Type="String">gr</Data></Cell>
    <Cell ss:StyleID="s76"><Data ss:Type="String">kg</Data></Cell>
    <Cell ss:StyleID="s78"><Data ss:Type="Number">1000</Data></Cell>
    <Cell ss:StyleID="s79"><Data ss:Type="Number">45000</Data></Cell>
    <Cell ss:StyleID="s76"><Data ss:Type="String">VND</Data></Cell>
    <Cell ss:StyleID="s76"><Data ss:Type="String"> </Data></Cell>
    <Cell ss:StyleID="s76"><Data ss:Type="String"> </Data></Cell>
    <Cell ss:StyleID="s80"><Data ss:Type="String">0</Data></Cell>
    <Cell ss:StyleID="s80"><Data ss:Type="String">0</Data></Cell>
    <Cell ss:StyleID="s76"><Data ss:Type="String">KHACHLE</Data></Cell>
    <Cell ss:StyleID="s76"><Data ss:Type="String">KHOTONG</Data></Cell>
    <Cell ss:StyleID="s80"><Data ss:Type="String"> </Data></Cell>
    <Cell ss:StyleID="s81"><Data ss:Type="Number">0</Data></Cell>
    <Cell ss:StyleID="s81"><Data ss:Type="Number">0</Data></Cell>
   </Row>
   <Row ss:AutoFitHeight="0" ss:Height="14.25">
    <Cell ss:StyleID="s74"><Data ss:Type="String">TC07</Data></Cell>
    <Cell ss:StyleID="s75"><Data ss:Type="String">Dâu tây (1 kg)</Data></Cell>
    <Cell ss:StyleID="s76"><Data ss:Type="String">TC</Data></Cell>
    <Cell ss:StyleID="s77"><Data ss:Type="String">gr</Data></Cell>
    <Cell ss:StyleID="s76"><Data ss:Type="String">kg</Data></Cell>
    <Cell ss:StyleID="s78"><Data ss:Type="Number">1000</Data></Cell>
    <Cell ss:StyleID="s79"><Data ss:Type="Number">160000</Data></Cell>
    <Cell ss:StyleID="s76"><Data ss:Type="String">VND</Data></Cell>
    <Cell ss:StyleID="s76"><Data ss:Type="String"> </Data></Cell>
    <Cell ss:StyleID="s76"><Data ss:Type="String"> </Data></Cell>
    <Cell ss:StyleID="s80"><Data ss:Type="String">0</Data></Cell>
    <Cell ss:StyleID="s80"><Data ss:Type="String">0</Data></Cell>
    <Cell ss:StyleID="s76"><Data ss:Type="String">KHACHLE</Data></Cell>
    <Cell ss:StyleID="s76"><Data ss:Type="String">KHOTONG</Data></Cell>
    <Cell ss:StyleID="s80"><Data ss:Type="String"> </Data></Cell>
    <Cell ss:StyleID="s81"><Data ss:Type="Number">0</Data></Cell>
    <Cell ss:StyleID="s81"><Data ss:Type="Number">0</Data></Cell>
   </Row>
   <Row ss:AutoFitHeight="0" ss:Height="14.25">
    <Cell ss:StyleID="s74"><Data ss:Type="String">TC08</Data></Cell>
    <Cell ss:StyleID="s75"><Data ss:Type="String">Dừa (trai)</Data></Cell>
    <Cell ss:StyleID="s76"><Data ss:Type="String">TC</Data></Cell>
    <Cell ss:StyleID="s77"><Data ss:Type="String">trai</Data></Cell>
    <Cell ss:StyleID="s76"><Data ss:Type="String">trai</Data></Cell>
    <Cell ss:StyleID="s78"><Data ss:Type="Number">1</Data></Cell>
    <Cell ss:StyleID="s79"><Data ss:Type="Number">7000</Data></Cell>
    <Cell ss:StyleID="s76"><Data ss:Type="String">VND</Data></Cell>
    <Cell ss:StyleID="s76"><Data ss:Type="String"> </Data></Cell>
    <Cell ss:StyleID="s76"><Data ss:Type="String"> </Data></Cell>
    <Cell ss:StyleID="s80"><Data ss:Type="String">0</Data></Cell>
    <Cell ss:StyleID="s80"><Data ss:Type="String">0</Data></Cell>
    <Cell ss:StyleID="s76"><Data ss:Type="String">KHACHLE</Data></Cell>
    <Cell ss:StyleID="s76"><Data ss:Type="String">KHOTONG</Data></Cell>
    <Cell ss:StyleID="s80"><Data ss:Type="String"> </Data></Cell>
    <Cell ss:StyleID="s81"><Data ss:Type="Number">0</Data></Cell>
    <Cell ss:StyleID="s81"><Data ss:Type="Number">0</Data></Cell>
   </Row>
   <Row ss:AutoFitHeight="0" ss:Height="14.25">
    <Cell ss:StyleID="s82"><Data ss:Type="String">TN08</Data></Cell>
    <Cell ss:StyleID="s83"><Data ss:Type="String">Nước dừa</Data></Cell>
    <Cell ss:StyleID="s76"><Data ss:Type="String">TC</Data></Cell>
    <Cell ss:StyleID="s84"><Data ss:Type="String">ml</Data></Cell>
    <Cell ss:StyleID="s76"><Data ss:Type="String">trai</Data></Cell>
    <Cell ss:StyleID="s85"><Data ss:Type="Number">250</Data></Cell>
    <Cell ss:StyleID="s85"><Data ss:Type="Number">3000</Data></Cell>
    <Cell ss:StyleID="s76"><Data ss:Type="String">VND</Data></Cell>
    <Cell ss:StyleID="s76"><Data ss:Type="String"> </Data></Cell>
    <Cell ss:StyleID="s76"><Data ss:Type="String"> </Data></Cell>
    <Cell ss:StyleID="s80"><Data ss:Type="String">0</Data></Cell>
    <Cell ss:StyleID="s80"><Data ss:Type="String">0</Data></Cell>
    <Cell ss:StyleID="s76"><Data ss:Type="String">KHACHLE</Data></Cell>
    <Cell ss:StyleID="s76"><Data ss:Type="String">KHOTONG</Data></Cell>
    <Cell ss:StyleID="s80"><Data ss:Type="String"> </Data></Cell>
    <Cell ss:StyleID="s81"><Data ss:Type="Number">0</Data></Cell>
    <Cell ss:StyleID="s81"><Data ss:Type="Number">0</Data></Cell>
   </Row>
   <Row ss:AutoFitHeight="0" ss:Height="14.25">
    <Cell ss:StyleID="s74"><Data ss:Type="String">TC09</Data></Cell>
    <Cell ss:StyleID="s75"><Data ss:Type="String">Dưa Giang (1 kg)</Data></Cell>
    <Cell ss:StyleID="s76"><Data ss:Type="String">TC</Data></Cell>
    <Cell ss:StyleID="s77"><Data ss:Type="String">gr</Data></Cell>
    <Cell ss:StyleID="s76"><Data ss:Type="String">kg</Data></Cell>
    <Cell ss:StyleID="s78"><Data ss:Type="Number">1000</Data></Cell>
    <Cell ss:StyleID="s79"><Data ss:Type="Number">15000</Data></Cell>
    <Cell ss:StyleID="s76"><Data ss:Type="String">VND</Data></Cell>
    <Cell ss:StyleID="s76"><Data ss:Type="String"> </Data></Cell>
    <Cell ss:StyleID="s76"><Data ss:Type="String"> </Data></Cell>
    <Cell ss:StyleID="s80"><Data ss:Type="String">0</Data></Cell>
    <Cell ss:StyleID="s80"><Data ss:Type="String">0</Data></Cell>
    <Cell ss:StyleID="s76"><Data ss:Type="String">KHACHLE</Data></Cell>
    <Cell ss:StyleID="s76"><Data ss:Type="String">KHOTONG</Data></Cell>
    <Cell ss:StyleID="s80"><Data ss:Type="String"> </Data></Cell>
    <Cell ss:StyleID="s81"><Data ss:Type="Number">0</Data></Cell>
    <Cell ss:StyleID="s81"><Data ss:Type="Number">0</Data></Cell>
   </Row>
   <Row ss:AutoFitHeight="0" ss:Height="14.25">
    <Cell ss:StyleID="s74"><Data ss:Type="String">TC10</Data></Cell>
    <Cell ss:StyleID="s75"><Data ss:Type="String">Dưa hấu (1kg)</Data></Cell>
    <Cell ss:StyleID="s76"><Data ss:Type="String">TC</Data></Cell>
    <Cell ss:StyleID="s77"><Data ss:Type="String">ml</Data></Cell>
    <Cell ss:StyleID="s76"><Data ss:Type="String">kg</Data></Cell>
    <Cell ss:StyleID="s78"><Data ss:Type="Number">300</Data></Cell>
    <Cell ss:StyleID="s79"><Data ss:Type="Number">10000</Data></Cell>
    <Cell ss:StyleID="s76"><Data ss:Type="String">VND</Data></Cell>
    <Cell ss:StyleID="s76"><Data ss:Type="String"> </Data></Cell>
    <Cell ss:StyleID="s76"><Data ss:Type="String"> </Data></Cell>
    <Cell ss:StyleID="s80"><Data ss:Type="String">0</Data></Cell>
    <Cell ss:StyleID="s80"><Data ss:Type="String">0</Data></Cell>
    <Cell ss:StyleID="s76"><Data ss:Type="String">KHACHLE</Data></Cell>
    <Cell ss:StyleID="s76"><Data ss:Type="String">KHOTONG</Data></Cell>
    <Cell ss:StyleID="s80"><Data ss:Type="String"> </Data></Cell>
    <Cell ss:StyleID="s81"><Data ss:Type="Number">0</Data></Cell>
    <Cell ss:StyleID="s81"><Data ss:Type="Number">0</Data></Cell>
   </Row>
   <Row ss:AutoFitHeight="0" ss:Height="14.25">
    <Cell ss:StyleID="s74"><Data ss:Type="String">TC11</Data></Cell>
    <Cell ss:StyleID="s75"><Data ss:Type="String">Khoai môn (kg)</Data></Cell>
    <Cell ss:StyleID="s76"><Data ss:Type="String">TC</Data></Cell>
    <Cell ss:StyleID="s77"><Data ss:Type="String">gr</Data></Cell>
    <Cell ss:StyleID="s76"><Data ss:Type="String">kg</Data></Cell>
    <Cell ss:StyleID="s78"><Data ss:Type="Number">1000</Data></Cell>
    <Cell ss:StyleID="s79"><Data ss:Type="Number">30000</Data></Cell>
    <Cell ss:StyleID="s76"><Data ss:Type="String">VND</Data></Cell>
    <Cell ss:StyleID="s76"><Data ss:Type="String"> </Data></Cell>
    <Cell ss:StyleID="s76"><Data ss:Type="String"> </Data></Cell>
    <Cell ss:StyleID="s80"><Data ss:Type="String">0</Data></Cell>
    <Cell ss:StyleID="s80"><Data ss:Type="String">0</Data></Cell>
    <Cell ss:StyleID="s76"><Data ss:Type="String">KHACHLE</Data></Cell>
    <Cell ss:StyleID="s76"><Data ss:Type="String">KHOTONG</Data></Cell>
    <Cell ss:StyleID="s80"><Data ss:Type="String"> </Data></Cell>
    <Cell ss:StyleID="s81"><Data ss:Type="Number">0</Data></Cell>
    <Cell ss:StyleID="s81"><Data ss:Type="Number">0</Data></Cell>
   </Row>
   <Row ss:AutoFitHeight="0" ss:Height="14.25">
    <Cell ss:StyleID="s74"><Data ss:Type="String">TC12</Data></Cell>
    <Cell ss:StyleID="s75"><Data ss:Type="String">Mãng cầu (kg)</Data></Cell>
    <Cell ss:StyleID="s76"><Data ss:Type="String">TC</Data></Cell>
    <Cell ss:StyleID="s77"><Data ss:Type="String">gr</Data></Cell>
    <Cell ss:StyleID="s76"><Data ss:Type="String">kg</Data></Cell>
    <Cell ss:StyleID="s78"><Data ss:Type="Number">1000</Data></Cell>
    <Cell ss:StyleID="s79"><Data ss:Type="Number">30000</Data></Cell>
    <Cell ss:StyleID="s76"><Data ss:Type="String">VND</Data></Cell>
    <Cell ss:StyleID="s76"><Data ss:Type="String"> </Data></Cell>
    <Cell ss:StyleID="s76"><Data ss:Type="String"> </Data></Cell>
    <Cell ss:StyleID="s80"><Data ss:Type="String">0</Data></Cell>
    <Cell ss:StyleID="s80"><Data ss:Type="String">0</Data></Cell>
    <Cell ss:StyleID="s76"><Data ss:Type="String">KHACHLE</Data></Cell>
    <Cell ss:StyleID="s76"><Data ss:Type="String">KHOTONG</Data></Cell>
    <Cell ss:StyleID="s80"><Data ss:Type="String"> </Data></Cell>
    <Cell ss:StyleID="s81"><Data ss:Type="Number">0</Data></Cell>
    <Cell ss:StyleID="s81"><Data ss:Type="Number">0</Data></Cell>
   </Row>
   <Row ss:AutoFitHeight="0" ss:Height="14.25">
    <Cell ss:StyleID="s74"><Data ss:Type="String">TC13</Data></Cell>
    <Cell ss:StyleID="s75"><Data ss:Type="String">Ổi (1 kg)</Data></Cell>
    <Cell ss:StyleID="s76"><Data ss:Type="String">TC</Data></Cell>
    <Cell ss:StyleID="s77"><Data ss:Type="String">gr</Data></Cell>
    <Cell ss:StyleID="s76"><Data ss:Type="String">kg</Data></Cell>
    <Cell ss:StyleID="s78"><Data ss:Type="Number">1000</Data></Cell>
    <Cell ss:StyleID="s79"><Data ss:Type="Number">12000</Data></Cell>
    <Cell ss:StyleID="s76"><Data ss:Type="String">VND</Data></Cell>
    <Cell ss:StyleID="s76"><Data ss:Type="String"> </Data></Cell>
    <Cell ss:StyleID="s76"><Data ss:Type="String"> </Data></Cell>
    <Cell ss:StyleID="s80"><Data ss:Type="String">0</Data></Cell>
    <Cell ss:StyleID="s80"><Data ss:Type="String">0</Data></Cell>
    <Cell ss:StyleID="s76"><Data ss:Type="String">KHACHLE</Data></Cell>
    <Cell ss:StyleID="s76"><Data ss:Type="String">KHOTONG</Data></Cell>
    <Cell ss:StyleID="s80"><Data ss:Type="String"> </Data></Cell>
    <Cell ss:StyleID="s81"><Data ss:Type="Number">0</Data></Cell>
    <Cell ss:StyleID="s81"><Data ss:Type="Number">0</Data></Cell>
   </Row>
   <Row ss:AutoFitHeight="0" ss:Height="14.25">
    <Cell ss:StyleID="s74"><Data ss:Type="String">TC14</Data></Cell>
    <Cell ss:StyleID="s75"><Data ss:Type="String">Sappoche (1 kg)</Data></Cell>
    <Cell ss:StyleID="s76"><Data ss:Type="String">TC</Data></Cell>
    <Cell ss:StyleID="s77"><Data ss:Type="String">gr</Data></Cell>
    <Cell ss:StyleID="s76"><Data ss:Type="String">kg</Data></Cell>
    <Cell ss:StyleID="s78"><Data ss:Type="Number">1000</Data></Cell>
    <Cell ss:StyleID="s79"><Data ss:Type="Number">15000</Data></Cell>
    <Cell ss:StyleID="s76"><Data ss:Type="String">VND</Data></Cell>
    <Cell ss:StyleID="s76"><Data ss:Type="String"> </Data></Cell>
    <Cell ss:StyleID="s76"><Data ss:Type="String"> </Data></Cell>
    <Cell ss:StyleID="s80"><Data ss:Type="String">0</Data></Cell>
    <Cell ss:StyleID="s80"><Data ss:Type="String">0</Data></Cell>
    <Cell ss:StyleID="s76"><Data ss:Type="String">KHACHLE</Data></Cell>
    <Cell ss:StyleID="s76"><Data ss:Type="String">KHOTONG</Data></Cell>
    <Cell ss:StyleID="s80"><Data ss:Type="String"> </Data></Cell>
    <Cell ss:StyleID="s81"><Data ss:Type="Number">0</Data></Cell>
    <Cell ss:StyleID="s81"><Data ss:Type="Number">0</Data></Cell>
   </Row>
   <Row ss:AutoFitHeight="0" ss:Height="14.25">
    <Cell ss:StyleID="s74"><Data ss:Type="String">TC15</Data></Cell>
    <Cell ss:StyleID="s75"><Data ss:Type="String">Táo đỏ (1 kg)</Data></Cell>
    <Cell ss:StyleID="s76"><Data ss:Type="String">TC</Data></Cell>
    <Cell ss:StyleID="s77"><Data ss:Type="String">gr</Data></Cell>
    <Cell ss:StyleID="s76"><Data ss:Type="String">kg</Data></Cell>
    <Cell ss:StyleID="s78"><Data ss:Type="Number">1000</Data></Cell>
    <Cell ss:StyleID="s79"><Data ss:Type="Number">65000</Data></Cell>
    <Cell ss:StyleID="s76"><Data ss:Type="String">VND</Data></Cell>
    <Cell ss:StyleID="s76"><Data ss:Type="String"> </Data></Cell>
    <Cell ss:StyleID="s76"><Data ss:Type="String"> </Data></Cell>
    <Cell ss:StyleID="s80"><Data ss:Type="String">0</Data></Cell>
    <Cell ss:StyleID="s80"><Data ss:Type="String">0</Data></Cell>
    <Cell ss:StyleID="s76"><Data ss:Type="String">KHACHLE</Data></Cell>
    <Cell ss:StyleID="s76"><Data ss:Type="String">KHOTONG</Data></Cell>
    <Cell ss:StyleID="s80"><Data ss:Type="String"> </Data></Cell>
    <Cell ss:StyleID="s81"><Data ss:Type="Number">0</Data></Cell>
    <Cell ss:StyleID="s81"><Data ss:Type="Number">0</Data></Cell>
   </Row>
   <Row ss:AutoFitHeight="0" ss:Height="14.25">
    <Cell ss:StyleID="s74"><Data ss:Type="String">TC16</Data></Cell>
    <Cell ss:StyleID="s75"><Data ss:Type="String">Thanh Long (1 kg)</Data></Cell>
    <Cell ss:StyleID="s76"><Data ss:Type="String">TC</Data></Cell>
    <Cell ss:StyleID="s77"><Data ss:Type="String">gr</Data></Cell>
    <Cell ss:StyleID="s76"><Data ss:Type="String">kg</Data></Cell>
    <Cell ss:StyleID="s78"><Data ss:Type="Number">1000</Data></Cell>
    <Cell ss:StyleID="s79"><Data ss:Type="Number">25000</Data></Cell>
    <Cell ss:StyleID="s76"><Data ss:Type="String">VND</Data></Cell>
    <Cell ss:StyleID="s76"><Data ss:Type="String"> </Data></Cell>
    <Cell ss:StyleID="s76"><Data ss:Type="String"> </Data></Cell>
    <Cell ss:StyleID="s80"><Data ss:Type="String">0</Data></Cell>
    <Cell ss:StyleID="s80"><Data ss:Type="String">0</Data></Cell>
    <Cell ss:StyleID="s76"><Data ss:Type="String">KHACHLE</Data></Cell>
    <Cell ss:StyleID="s76"><Data ss:Type="String">KHOTONG</Data></Cell>
    <Cell ss:StyleID="s80"><Data ss:Type="String"> </Data></Cell>
    <Cell ss:StyleID="s81"><Data ss:Type="Number">0</Data></Cell>
    <Cell ss:StyleID="s81"><Data ss:Type="Number">0</Data></Cell>
   </Row>
   <Row ss:AutoFitHeight="0" ss:Height="14.25">
    <Cell ss:StyleID="s74"><Data ss:Type="String">TC17</Data></Cell>
    <Cell ss:StyleID="s75"><Data ss:Type="String">Thơm (1 trai)</Data></Cell>
    <Cell ss:StyleID="s76"><Data ss:Type="String">TC</Data></Cell>
    <Cell ss:StyleID="s77"><Data ss:Type="String">ml</Data></Cell>
    <Cell ss:StyleID="s76"><Data ss:Type="String">kg</Data></Cell>
    <Cell ss:StyleID="s78"><Data ss:Type="Number">300</Data></Cell>
    <Cell ss:StyleID="s79"><Data ss:Type="Number">11000</Data></Cell>
    <Cell ss:StyleID="s76"><Data ss:Type="String">VND</Data></Cell>
    <Cell ss:StyleID="s76"><Data ss:Type="String"> </Data></Cell>
    <Cell ss:StyleID="s76"><Data ss:Type="String"> </Data></Cell>
    <Cell ss:StyleID="s80"><Data ss:Type="String">0</Data></Cell>
    <Cell ss:StyleID="s80"><Data ss:Type="String">0</Data></Cell>
    <Cell ss:StyleID="s76"><Data ss:Type="String">KHACHLE</Data></Cell>
    <Cell ss:StyleID="s76"><Data ss:Type="String">KHOTONG</Data></Cell>
    <Cell ss:StyleID="s80"><Data ss:Type="String"> </Data></Cell>
    <Cell ss:StyleID="s81"><Data ss:Type="Number">0</Data></Cell>
    <Cell ss:StyleID="s81"><Data ss:Type="Number">0</Data></Cell>
   </Row>
   <Row ss:AutoFitHeight="0" ss:Height="14.25">
    <Cell ss:StyleID="s74"><Data ss:Type="String">TC18</Data></Cell>
    <Cell ss:StyleID="s75"><Data ss:Type="String">Vải (1 kg)</Data></Cell>
    <Cell ss:StyleID="s76"><Data ss:Type="String">TC</Data></Cell>
    <Cell ss:StyleID="s77"><Data ss:Type="String">gr</Data></Cell>
    <Cell ss:StyleID="s76"><Data ss:Type="String">kg</Data></Cell>
    <Cell ss:StyleID="s78"><Data ss:Type="Number">1000</Data></Cell>
    <Cell ss:StyleID="s79"><Data ss:Type="Number">30000</Data></Cell>
    <Cell ss:StyleID="s76"><Data ss:Type="String">VND</Data></Cell>
    <Cell ss:StyleID="s76"><Data ss:Type="String"> </Data></Cell>
    <Cell ss:StyleID="s76"><Data ss:Type="String"> </Data></Cell>
    <Cell ss:StyleID="s80"><Data ss:Type="String">0</Data></Cell>
    <Cell ss:StyleID="s80"><Data ss:Type="String">0</Data></Cell>
    <Cell ss:StyleID="s76"><Data ss:Type="String">KHACHLE</Data></Cell>
    <Cell ss:StyleID="s76"><Data ss:Type="String">KHOTONG</Data></Cell>
    <Cell ss:StyleID="s80"><Data ss:Type="String"> </Data></Cell>
    <Cell ss:StyleID="s81"><Data ss:Type="Number">0</Data></Cell>
    <Cell ss:StyleID="s81"><Data ss:Type="Number">0</Data></Cell>
   </Row>
   <Row ss:AutoFitHeight="0" ss:Height="14.25">
    <Cell ss:StyleID="s82"><Data ss:Type="String">TH18</Data></Cell>
    <Cell ss:StyleID="s83"><Data ss:Type="String">Vải hộp (540 gr)</Data></Cell>
    <Cell ss:StyleID="s76"><Data ss:Type="String">TC</Data></Cell>
    <Cell ss:StyleID="s84"><Data ss:Type="String">gr</Data></Cell>
    <Cell ss:StyleID="s76"><Data ss:Type="String">hop</Data></Cell>
    <Cell ss:StyleID="s85"><Data ss:Type="Number">540</Data></Cell>
    <Cell ss:StyleID="s85"><Data ss:Type="Number">35000</Data></Cell>
    <Cell ss:StyleID="s76"><Data ss:Type="String">VND</Data></Cell>
    <Cell ss:StyleID="s76"><Data ss:Type="String"> </Data></Cell>
    <Cell ss:StyleID="s76"><Data ss:Type="String"> </Data></Cell>
    <Cell ss:StyleID="s80"><Data ss:Type="String">0</Data></Cell>
    <Cell ss:StyleID="s80"><Data ss:Type="String">0</Data></Cell>
    <Cell ss:StyleID="s76"><Data ss:Type="String">KHACHLE</Data></Cell>
    <Cell ss:StyleID="s76"><Data ss:Type="String">KHOTONG</Data></Cell>
    <Cell ss:StyleID="s80"><Data ss:Type="String"> </Data></Cell>
    <Cell ss:StyleID="s81"><Data ss:Type="Number">0</Data></Cell>
    <Cell ss:StyleID="s81"><Data ss:Type="Number">0</Data></Cell>
   </Row>
   <Row ss:AutoFitHeight="0" ss:Height="14.25">
    <Cell ss:StyleID="s74"><Data ss:Type="String">TC19</Data></Cell>
    <Cell ss:StyleID="s75"><Data ss:Type="String">Xoài (1 kg)</Data></Cell>
    <Cell ss:StyleID="s76"><Data ss:Type="String">TC</Data></Cell>
    <Cell ss:StyleID="s77"><Data ss:Type="String">gr</Data></Cell>
    <Cell ss:StyleID="s76"><Data ss:Type="String">kg</Data></Cell>
    <Cell ss:StyleID="s78"><Data ss:Type="Number">1000</Data></Cell>
    <Cell ss:StyleID="s79"><Data ss:Type="Number">20000</Data></Cell>
    <Cell ss:StyleID="s76"><Data ss:Type="String">VND</Data></Cell>
    <Cell ss:StyleID="s76"><Data ss:Type="String"> </Data></Cell>
    <Cell ss:StyleID="s76"><Data ss:Type="String"> </Data></Cell>
    <Cell ss:StyleID="s80"><Data ss:Type="String">0</Data></Cell>
    <Cell ss:StyleID="s80"><Data ss:Type="String">0</Data></Cell>
    <Cell ss:StyleID="s76"><Data ss:Type="String">KHACHLE</Data></Cell>
    <Cell ss:StyleID="s76"><Data ss:Type="String">KHOTONG</Data></Cell>
    <Cell ss:StyleID="s80"><Data ss:Type="String"> </Data></Cell>
    <Cell ss:StyleID="s81"><Data ss:Type="Number">0</Data></Cell>
    <Cell ss:StyleID="s81"><Data ss:Type="Number">0</Data></Cell>
   </Row>
   <Row ss:AutoFitHeight="0" ss:Height="14.25">
    <Cell ss:StyleID="s74"><Data ss:Type="String">TC20</Data></Cell>
    <Cell ss:StyleID="s75"><Data ss:Type="String">Nha đam</Data></Cell>
    <Cell ss:StyleID="s76"><Data ss:Type="String">TC</Data></Cell>
    <Cell ss:StyleID="s77"><Data ss:Type="String">ml</Data></Cell>
    <Cell ss:StyleID="s76"><Data ss:Type="String">kg</Data></Cell>
    <Cell ss:StyleID="s78"><Data ss:Type="Number">700</Data></Cell>
    <Cell ss:StyleID="s79"><Data ss:Type="Number">7000</Data></Cell>
    <Cell ss:StyleID="s76"><Data ss:Type="String">VND</Data></Cell>
    <Cell ss:StyleID="s76"><Data ss:Type="String"> </Data></Cell>
    <Cell ss:StyleID="s76"><Data ss:Type="String"> </Data></Cell>
    <Cell ss:StyleID="s80"><Data ss:Type="String">0</Data></Cell>
    <Cell ss:StyleID="s80"><Data ss:Type="String">0</Data></Cell>
    <Cell ss:StyleID="s76"><Data ss:Type="String">KHACHLE</Data></Cell>
    <Cell ss:StyleID="s76"><Data ss:Type="String">KHOTONG</Data></Cell>
    <Cell ss:StyleID="s80"><Data ss:Type="String"> </Data></Cell>
    <Cell ss:StyleID="s81"><Data ss:Type="Number">0</Data></Cell>
    <Cell ss:StyleID="s81"><Data ss:Type="Number">0</Data></Cell>
   </Row>
  </Table>
  <WorksheetOptions xmlns="urn:schemas-microsoft-com:office:excel">
   <Print>
    <ValidPrinterInfo/>
    <PaperSizeIndex>9</PaperSizeIndex>
    <HorizontalResolution>600</HorizontalResolution>
    <VerticalResolution>600</VerticalResolution>
   </Print>
   <Selected/>
   <TopRowVisible>40</TopRowVisible>
   <Panes>
    <Pane>
     <Number>3</Number>
     <ActiveRow>63</ActiveRow>
     <ActiveCol>4</ActiveCol>
    </Pane>
   </Panes>
   <ProtectObjects>False</ProtectObjects>
   <ProtectScenarios>False</ProtectScenarios>
  </WorksheetOptions>
  <x:WorksheetOptions/>
 </Worksheet>
 <Worksheet ss:Name="Sheet2">
  <Table ss:ExpandedColumnCount="1" ss:ExpandedRowCount="1" x:FullColumns="1"
   x:FullRows="1" ss:DefaultRowHeight="15">
   <Row ss:AutoFitHeight="0"/>
  </Table>
  <WorksheetOptions xmlns="urn:schemas-microsoft-com:office:excel">
   <PageSetup>
    <Header x:Margin="0.3"/>
    <Footer x:Margin="0.3"/>
    <PageMargins x:Bottom="0.75" x:Left="0.7" x:Right="0.7" x:Top="0.75"/>
   </PageSetup>
   <Unsynced/>
   <ProtectObjects>False</ProtectObjects>
   <ProtectScenarios>False</ProtectScenarios>
  </WorksheetOptions>
 </Worksheet>
</Workbook>
