<?xml version="1.0"?>
<?mso-application progid="Excel.Sheet"?>
<Workbook xmlns="urn:schemas-microsoft-com:office:spreadsheet"
 xmlns:o="urn:schemas-microsoft-com:office:office"
 xmlns:x="urn:schemas-microsoft-com:office:excel"
 xmlns:ss="urn:schemas-microsoft-com:office:spreadsheet"
 xmlns:c="urn:schemas-microsoft-com:office:component:spreadsheet"
 xmlns:html="http://www.w3.org/TR/REC-html40"
 xmlns:x2="http://schemas.microsoft.com/office/excel/2003/xml"
 xmlns:xsi="http://www.w3.org/2001/XMLSchema-instance">
 <DocumentProperties xmlns="urn:schemas-microsoft-com:office:office">
  <Version>11.9999</Version>
 </DocumentProperties>
 <OfficeDocumentSettings xmlns="urn:schemas-microsoft-com:office:office">
  <Colors>
   <Color>
    <Index>3</Index>
    <RGB>#C0C0C0</RGB>
   </Color>
   <Color>
    <Index>4</Index>
    <RGB>#FF0000</RGB>
   </Color>
  </Colors>
 </OfficeDocumentSettings>
 <ExcelWorkbook xmlns="urn:schemas-microsoft-com:office:excel">
  <WindowHeight>9000</WindowHeight>
  <WindowWidth>13860</WindowWidth>
  <WindowTopX>240</WindowTopX>
  <WindowTopY>75</WindowTopY>
  <ProtectStructure>False</ProtectStructure>
  <ProtectWindows>False</ProtectWindows>
 </ExcelWorkbook>
 <Styles>
  <Style ss:ID="Default" ss:Name="Normal">
   <Alignment ss:Vertical="Bottom"/>
   <Borders/>
   <Font/>
   <Interior/>
   <NumberFormat/>
   <Protection/>
  </Style>
  <Style ss:ID="s21" ss:Name="Default">
  </Style>
  <Style ss:ID="s24" ss:Parent="s21">
   <Font/>
  </Style>
  <Style ss:ID="s28">
   <Alignment ss:Horizontal="Left" ss:Vertical="Bottom" ss:WrapText="1"/>
   <Borders>
    <Border ss:Position="Bottom" ss:LineStyle="Continuous" ss:Weight="1"
     ss:Color="#000000"/>
    <Border ss:Position="Left" ss:LineStyle="Continuous" ss:Weight="1"
     ss:Color="#000000"/>
    <Border ss:Position="Right" ss:LineStyle="Continuous" ss:Weight="1"
     ss:Color="#000000"/>
    <Border ss:Position="Top" ss:LineStyle="Continuous" ss:Weight="1"
     ss:Color="#000000"/>
   </Borders>
   <Font ss:FontName="Arial Unicode MS"/>
  </Style>
  <Style ss:ID="s29">
   <Alignment ss:Vertical="Bottom" ss:WrapText="1"/>
   <Borders>
    <Border ss:Position="Bottom" ss:LineStyle="Continuous" ss:Weight="1"
     ss:Color="#000000"/>
    <Border ss:Position="Left" ss:LineStyle="Continuous" ss:Weight="1"
     ss:Color="#000000"/>
    <Border ss:Position="Right" ss:LineStyle="Continuous" ss:Weight="1"
     ss:Color="#000000"/>
    <Border ss:Position="Top" ss:LineStyle="Continuous" ss:Weight="1"
     ss:Color="#000000"/>
   </Borders>
   <Font ss:FontName="Arial Unicode MS" ss:Bold="1"/>
  </Style>
 </Styles>
 <Worksheet ss:Name="mau_nhap">
  <Table ss:ExpandedColumnCount="12" ss:ExpandedRowCount="6" x:FullColumns="1"
   x:FullRows="1" ss:StyleID="s21">
   <Column ss:StyleID="s21" ss:Width="99" ss:Span="1"/>
   <Column ss:Index="3" ss:StyleID="s21" ss:Width="64.5" ss:Span="7"/>
   <Row ss:AutoFitHeight="0">
    <Cell ss:StyleID="s29"><Data ss:Type="String">Mã sản phẩm</Data></Cell>
    <Cell ss:StyleID="s29"><Data ss:Type="String">Tên sản phẩm</Data></Cell>
    <Cell ss:StyleID="s29"><Data ss:Type="String">Loại sản phẩm</Data></Cell>
    <Cell ss:StyleID="s29"><Data ss:Type="String">Mã đơn vị</Data></Cell>
    <Cell ss:StyleID="s29"><Data ss:Type="String">Đặc điểm</Data></Cell>
    <Cell ss:StyleID="s29"><Data ss:Type="String">Định lượng</Data></Cell>
    <Cell ss:StyleID="s29"><Data ss:Type="String">Giá</Data></Cell>
    <Cell ss:StyleID="s29"><Data ss:Type="String">Đơn vị tiền tệ</Data></Cell>
    <Cell ss:StyleID="s29"><Data ss:Type="String">Nguyên liệu</Data></Cell>
    <Cell ss:StyleID="s29"><Data ss:Type="String">Ghi chú</Data></Cell>
    <Cell ss:StyleID="s29"><Data ss:Type="String">Thuế</Data></Cell>
    <Cell ss:StyleID="s29"><Data ss:Type="String">Ngừng theo dõi</Data></Cell>
   </Row>
   <Row ss:AutoFitHeight="0">
    <Cell ss:StyleID="s28"><Data ss:Type="String">BF224</Data></Cell>
    <Cell ss:StyleID="s28"><Data ss:Type="String">BF224</Data></Cell>
    <Cell ss:StyleID="Default"><Data ss:Type="String">R-DAM</Data></Cell>
    <Cell ss:StyleID="s28"><Data ss:Type="String">yard</Data></Cell>
    <Cell ss:StyleID="s28"/>
    <Cell ss:StyleID="s28"/>
    <Cell ss:StyleID="s28"><Data ss:Type="Number">0</Data></Cell>
    <Cell ss:StyleID="s28"><Data ss:Type="String">VND</Data></Cell>
    <Cell ss:StyleID="s28"><Data ss:Type="String">100% POLYESTER</Data></Cell>
    <Cell ss:StyleID="s28"/>
    <Cell ss:StyleID="s28"><Data ss:Type="Number">0</Data></Cell>
    <Cell ss:StyleID="s28"><Data ss:Type="Number">0</Data></Cell>
   </Row>
   <Row ss:AutoFitHeight="0">
    <Cell ss:Index="10" ss:StyleID="s24"/>
   </Row>
   <Row ss:AutoFitHeight="0">
    <Cell ss:Index="10" ss:StyleID="s24"/>
   </Row>
   <Row ss:AutoFitHeight="0">
    <Cell ss:Index="10" ss:StyleID="s24"/>
   </Row>
   <Row ss:AutoFitHeight="0">
    <Cell ss:Index="10" ss:StyleID="s24"/>
   </Row>
  </Table>
  <WorksheetOptions xmlns="urn:schemas-microsoft-com:office:excel">
   <Print>
    <ValidPrinterInfo/>
    <VerticalResolution>0</VerticalResolution>
   </Print>
   <Selected/>
   <Panes>
    <Pane>
     <Number>3</Number>
     <ActiveRow>4</ActiveRow>
     <ActiveCol>4</ActiveCol>
    </Pane>
   </Panes>
   <ProtectObjects>False</ProtectObjects>
   <ProtectScenarios>False</ProtectScenarios>
  </WorksheetOptions>
  <x:WorksheetOptions/>
 </Worksheet>
</Workbook>
