<?xml version="1.0"?>
<?mso-application progid="Excel.Sheet"?>
<Workbook xmlns="urn:schemas-microsoft-com:office:spreadsheet"
 xmlns:o="urn:schemas-microsoft-com:office:office"
 xmlns:x="urn:schemas-microsoft-com:office:excel"
 xmlns:ss="urn:schemas-microsoft-com:office:spreadsheet"
 xmlns:c="urn:schemas-microsoft-com:office:component:spreadsheet"
 xmlns:html="http://www.w3.org/TR/REC-html40"
 xmlns:x2="http://schemas.microsoft.com/office/excel/2003/xml"
 xmlns:xsi="http://www.w3.org/2001/XMLSchema-instance">
 <DocumentProperties xmlns="urn:schemas-microsoft-com:office:office">
  <Author>vt</Author>
  <LastAuthor>vt</LastAuthor>
  <Created>2013-08-22T09:17:59Z</Created>
  <LastSaved>2013-09-30T05:55:23Z</LastSaved>
  <Version>12.00</Version>
 </DocumentProperties>
 <OfficeDocumentSettings xmlns="urn:schemas-microsoft-com:office:office">
  <Colors>
   <Color>
    <Index>3</Index>
    <RGB>#C0C0C0</RGB>
   </Color>
   <Color>
    <Index>4</Index>
    <RGB>#FF0000</RGB>
   </Color>
  </Colors>
 </OfficeDocumentSettings>
 <ExcelWorkbook xmlns="urn:schemas-microsoft-com:office:excel">
  <WindowHeight>9000</WindowHeight>
  <WindowWidth>13860</WindowWidth>
  <WindowTopX>240</WindowTopX>
  <WindowTopY>75</WindowTopY>
  <ProtectStructure>False</ProtectStructure>
  <ProtectWindows>False</ProtectWindows>
 </ExcelWorkbook>
 <Styles>
  <Style ss:ID="Default" ss:Name="Normal">
   <Alignment ss:Vertical="Bottom"/>
   <Borders/>
   <Font ss:FontName="Calibri" x:Family="Swiss" ss:Size="11" ss:Color="#000000"/>
   <Interior/>
   <NumberFormat/>
   <Protection/>
  </Style>
  <Style ss:ID="s62" ss:Name="Default">
   <Font ss:FontName="Arial2"/>
   <NumberFormat ss:Format="Short Date"/>
  </Style>
  <Style ss:ID="s63" ss:Name="Normal 2">
   <Alignment ss:Vertical="Bottom"/>
   <Borders/>
   <Font ss:FontName="Calibri" x:CharSet="163" x:Family="Swiss" ss:Size="11"
    ss:Color="#000000"/>
   <Interior/>
   <NumberFormat/>
   <Protection/>
  </Style>
  <Style ss:ID="s64" ss:Name="Normal 3">
   <Alignment ss:Vertical="Bottom"/>
   <Borders/>
   <Font ss:FontName="Calibri" x:CharSet="163" x:Family="Swiss" ss:Size="11"
    ss:Color="#000000"/>
   <Interior/>
   <NumberFormat/>
   <Protection/>
  </Style>
  <Style ss:ID="s65" ss:Name="Normal_">
   <Alignment ss:Vertical="Bottom"/>
   <Font ss:FontName="Arial1"/>
  </Style>
  <Style ss:ID="s67" ss:Parent="s62">
   <Font ss:FontName="Arial" x:Family="Swiss"/>
   <NumberFormat ss:Format="Short Date"/>
  </Style>
  <Style ss:ID="s68" ss:Parent="s62">
   <Font ss:FontName="Arial" x:Family="Swiss"/>
   <NumberFormat ss:Format="@"/>
  </Style>
  <Style ss:ID="s79">
   <NumberFormat ss:Format="#,##0"/>
  </Style>
  <Style ss:ID="s80" ss:Parent="s62">
   <Borders>
    <Border ss:Position="Bottom" ss:LineStyle="Continuous" ss:Weight="1"/>
    <Border ss:Position="Left" ss:LineStyle="Continuous" ss:Weight="1"/>
    <Border ss:Position="Right" ss:LineStyle="Continuous" ss:Weight="1"/>
    <Border ss:Position="Top" ss:LineStyle="Continuous" ss:Weight="1"/>
   </Borders>
   <Font ss:FontName="Arial" x:Family="Swiss"/>
   <NumberFormat ss:Format="Short Date"/>
  </Style>
  <Style ss:ID="s81" ss:Parent="s65">
   <Alignment ss:Vertical="Bottom" ss:WrapText="1"/>
   <Borders>
    <Border ss:Position="Bottom" ss:LineStyle="Continuous" ss:Weight="1"/>
    <Border ss:Position="Left" ss:LineStyle="Continuous" ss:Weight="1"/>
    <Border ss:Position="Right" ss:LineStyle="Continuous" ss:Weight="1"/>
    <Border ss:Position="Top" ss:LineStyle="Continuous" ss:Weight="1"/>
   </Borders>
   <Font ss:FontName="Arial" x:Family="Swiss" ss:Bold="1"/>
   <NumberFormat ss:Format="@"/>
  </Style>
  <Style ss:ID="s82" ss:Parent="s65">
   <Alignment ss:Vertical="Bottom" ss:WrapText="1"/>
   <Borders>
    <Border ss:Position="Bottom" ss:LineStyle="Continuous" ss:Weight="1"/>
    <Border ss:Position="Left" ss:LineStyle="Continuous" ss:Weight="1"/>
    <Border ss:Position="Right" ss:LineStyle="Continuous" ss:Weight="1"/>
    <Border ss:Position="Top" ss:LineStyle="Continuous" ss:Weight="1"/>
   </Borders>
   <Font ss:FontName="Arial" x:Family="Swiss" ss:Bold="1"/>
   <NumberFormat/>
  </Style>
  <Style ss:ID="s83" ss:Parent="s62">
   <Borders>
    <Border ss:Position="Bottom" ss:LineStyle="Continuous" ss:Weight="1"/>
    <Border ss:Position="Left" ss:LineStyle="Continuous" ss:Weight="1"/>
    <Border ss:Position="Right" ss:LineStyle="Continuous" ss:Weight="1"/>
    <Border ss:Position="Top" ss:LineStyle="Continuous" ss:Weight="1"/>
   </Borders>
   <Font ss:FontName="Arial" x:Family="Swiss"/>
   <NumberFormat ss:Format="@"/>
  </Style>
  <Style ss:ID="s85" ss:Parent="s63">
   <Alignment ss:Horizontal="Right" ss:Vertical="Center"/>
   <Borders>
    <Border ss:Position="Bottom" ss:LineStyle="Continuous" ss:Weight="1"/>
    <Border ss:Position="Left" ss:LineStyle="Continuous" ss:Weight="1"/>
    <Border ss:Position="Right" ss:LineStyle="Continuous" ss:Weight="1"/>
    <Border ss:Position="Top" ss:LineStyle="Continuous" ss:Weight="1"/>
   </Borders>
   <Font ss:FontName="Cambria" x:CharSet="163" x:Family="Roman" ss:Size="11"
    ss:Color="#993300" ss:Bold="1"/>
   <Interior/>
  </Style>
  <Style ss:ID="s86" ss:Parent="s64">
   <Alignment ss:Vertical="Bottom" ss:WrapText="1"/>
   <Borders>
    <Border ss:Position="Bottom" ss:LineStyle="Continuous" ss:Weight="1"/>
    <Border ss:Position="Left" ss:LineStyle="Continuous" ss:Weight="1"/>
    <Border ss:Position="Right" ss:LineStyle="Continuous" ss:Weight="1"/>
    <Border ss:Position="Top" ss:LineStyle="Continuous" ss:Weight="1"/>
   </Borders>
   <Interior/>
  </Style>
  <Style ss:ID="s87" ss:Parent="s62">
   <Alignment ss:Horizontal="Right" ss:Vertical="Bottom"/>
   <Borders>
    <Border ss:Position="Bottom" ss:LineStyle="Continuous" ss:Weight="1"/>
    <Border ss:Position="Left" ss:LineStyle="Continuous" ss:Weight="1"/>
    <Border ss:Position="Right" ss:LineStyle="Continuous" ss:Weight="1"/>
    <Border ss:Position="Top" ss:LineStyle="Continuous" ss:Weight="1"/>
   </Borders>
   <Font ss:FontName="Arial" x:Family="Swiss"/>
   <NumberFormat ss:Format="@"/>
  </Style>
  <Style ss:ID="s88" ss:Parent="s65">
   <Alignment ss:Horizontal="Left" ss:Vertical="Bottom" ss:WrapText="1"/>
   <Borders>
    <Border ss:Position="Bottom" ss:LineStyle="Continuous" ss:Weight="1"/>
    <Border ss:Position="Left" ss:LineStyle="Continuous" ss:Weight="1"/>
    <Border ss:Position="Right" ss:LineStyle="Continuous" ss:Weight="1"/>
    <Border ss:Position="Top" ss:LineStyle="Continuous" ss:Weight="1"/>
   </Borders>
   <Font ss:FontName="Arial" x:Family="Swiss" ss:Bold="1"/>
   <NumberFormat ss:Format="@"/>
  </Style>
  <Style ss:ID="s89" ss:Parent="s64">
   <Alignment ss:Horizontal="Left" ss:Vertical="Bottom"/>
   <Borders>
    <Border ss:Position="Bottom" ss:LineStyle="Continuous" ss:Weight="1"/>
    <Border ss:Position="Left" ss:LineStyle="Continuous" ss:Weight="1"/>
    <Border ss:Position="Right" ss:LineStyle="Continuous" ss:Weight="1"/>
    <Border ss:Position="Top" ss:LineStyle="Continuous" ss:Weight="1"/>
   </Borders>
   <Font ss:FontName="Calibri" x:CharSet="163" x:Family="Swiss" ss:Size="11"
    ss:Color="#000000"/>
   <Interior/>
  </Style>
  <Style ss:ID="s90" ss:Parent="s62">
   <Alignment ss:Horizontal="Left" ss:Vertical="Bottom"/>
   <Font ss:FontName="Arial" x:Family="Swiss"/>
   <NumberFormat ss:Format="@"/>
  </Style>
  <Style ss:ID="s91" ss:Parent="s62">
   <Borders>
    <Border ss:Position="Bottom" ss:LineStyle="Continuous" ss:Weight="1"/>
    <Border ss:Position="Left" ss:LineStyle="Continuous" ss:Weight="1"/>
    <Border ss:Position="Right" ss:LineStyle="Continuous" ss:Weight="1"/>
    <Border ss:Position="Top" ss:LineStyle="Continuous" ss:Weight="1"/>
   </Borders>
   <Font ss:FontName="Arial" x:Family="Swiss" ss:Bold="1"/>
   <NumberFormat ss:Format="Short Date"/>
  </Style>
 </Styles>
 <Worksheet ss:Name="mau_nhap">
  <Table ss:ExpandedColumnCount="5" ss:ExpandedRowCount="79" x:FullColumns="1"
   x:FullRows="1" ss:StyleID="s67">
   <Column ss:Index="2" ss:StyleID="s90" ss:AutoFitWidth="0" ss:Width="93.75"/>
   <Column ss:StyleID="s68" ss:AutoFitWidth="0" ss:Width="50.25"/>
   <Column ss:StyleID="s67" ss:AutoFitWidth="0" ss:Width="41.25"/>
   <Column ss:StyleID="s67" ss:AutoFitWidth="0" ss:Width="285.75"/>
   <Row ss:AutoFitHeight="0" ss:Height="27">
    <Cell ss:StyleID="s91"><Data ss:Type="String">STT</Data></Cell>
    <Cell ss:StyleID="s88"><Data ss:Type="String">Mã sản phẩm</Data></Cell>
    <Cell ss:StyleID="s81"><Data ss:Type="String">Số lượng thực</Data></Cell>
    <Cell ss:StyleID="s82"><Data ss:Type="String">Đơn vị(Có thể bỏ trống)</Data></Cell>
    <Cell ss:StyleID="s82"><Data ss:Type="String">Tên sản phẩm</Data></Cell>
   </Row>
   <Row ss:AutoFitHeight="0" ss:Height="21">
    <Cell ss:StyleID="s83"><Data ss:Type="Number">1</Data></Cell>
    <Cell ss:StyleID="s89"><Data ss:Type="String">ANG009</Data></Cell>
    <Cell ss:StyleID="s85"><Data ss:Type="Number">22</Data></Cell>
    <Cell ss:StyleID="s80"/>
    <Cell ss:StyleID="s86"><Data ss:Type="String">Goats Milk Soap Original - 100g</Data></Cell>
   </Row>
   <Row ss:AutoFitHeight="0" ss:Height="21">
    <Cell ss:StyleID="s83"><Data ss:Type="Number">2</Data></Cell>
    <Cell ss:StyleID="s89"><Data ss:Type="String">ANG010</Data></Cell>
    <Cell ss:StyleID="s85"><Data ss:Type="Number">23</Data></Cell>
    <Cell ss:StyleID="s80"/>
    <Cell ss:StyleID="s86"><Data ss:Type="String">Goats Milk Soap with Rose Petal - 100g</Data></Cell>
   </Row>
   <Row ss:AutoFitHeight="0" ss:Height="21">
    <Cell ss:StyleID="s83"><Data ss:Type="Number">3</Data></Cell>
    <Cell ss:StyleID="s89"><Data ss:Type="String">ANG011</Data></Cell>
    <Cell ss:StyleID="s87"><Data ss:Type="String">20</Data></Cell>
    <Cell ss:StyleID="s80"/>
    <Cell ss:StyleID="s86"><Data ss:Type="String">Goats Milk Soap with Tasmanian Lavender - 100g</Data></Cell>
   </Row>
   <Row ss:AutoFitHeight="0" ss:Height="21">
    <Cell ss:StyleID="s83"><Data ss:Type="Number">4</Data></Cell>
    <Cell ss:StyleID="s89"><Data ss:Type="String">ANG012</Data></Cell>
    <Cell ss:StyleID="s87"><Data ss:Type="String">24</Data></Cell>
    <Cell ss:StyleID="s80"/>
    <Cell ss:StyleID="s86"><Data ss:Type="String">Goats Milk Soap Kangaroo Apple &amp; Lili Pili - 100g</Data></Cell>
   </Row>
   <Row ss:AutoFitHeight="0" ss:Height="21">
    <Cell ss:StyleID="s83"><Data ss:Type="Number">5</Data></Cell>
    <Cell ss:StyleID="s89"><Data ss:Type="String">ANG013</Data></Cell>
    <Cell ss:StyleID="s87"><Data ss:Type="String">22</Data></Cell>
    <Cell ss:StyleID="s80"/>
    <Cell ss:StyleID="s86"><Data ss:Type="String">Goats Milk Soap Kakadu Plum &amp; Wattle Seed - 100g</Data></Cell>
   </Row>
   <Row ss:AutoFitHeight="0" ss:Height="21">
    <Cell ss:StyleID="s83"><Data ss:Type="Number">6</Data></Cell>
    <Cell ss:StyleID="s89"><Data ss:Type="String">ANG014</Data></Cell>
    <Cell ss:StyleID="s87"><Data ss:Type="String">103</Data></Cell>
    <Cell ss:StyleID="s80"/>
    <Cell ss:StyleID="s86"><Data ss:Type="String">Nanosome Bio Essence Collagen - 50ml</Data></Cell>
   </Row>
   <Row ss:AutoFitHeight="0" ss:Height="21">
    <Cell ss:StyleID="s83"><Data ss:Type="Number">7</Data></Cell>
    <Cell ss:StyleID="s89"><Data ss:Type="String">ANG015</Data></Cell>
    <Cell ss:StyleID="s87"><Data ss:Type="String">38</Data></Cell>
    <Cell ss:StyleID="s80"/>
    <Cell ss:StyleID="s86"><Data ss:Type="String">Placenta Serum - 10ml x 6 ống</Data></Cell>
   </Row>
   <Row ss:AutoFitHeight="0" ss:Height="21">
    <Cell ss:StyleID="s83"><Data ss:Type="Number">8</Data></Cell>
    <Cell ss:StyleID="s89"><Data ss:Type="String">ANG016</Data></Cell>
    <Cell ss:StyleID="s87"><Data ss:Type="String">105</Data></Cell>
    <Cell ss:StyleID="s80"/>
    <Cell ss:StyleID="s86"><Data ss:Type="String">Placenta Moisture Eye Cream - 15g</Data></Cell>
   </Row>
   <Row ss:AutoFitHeight="0" ss:Height="21">
    <Cell ss:StyleID="s83"><Data ss:Type="Number">9</Data></Cell>
    <Cell ss:StyleID="s89"><Data ss:Type="String">CHA001</Data></Cell>
    <Cell ss:StyleID="s87"><Data ss:Type="String">110</Data></Cell>
    <Cell ss:StyleID="s80"/>
    <Cell ss:StyleID="s86"><Data ss:Type="String">Baby Sampoo - 120ml</Data></Cell>
   </Row>
   <Row ss:AutoFitHeight="0" ss:Height="21">
    <Cell ss:StyleID="s83"><Data ss:Type="Number">10</Data></Cell>
    <Cell ss:StyleID="s89"><Data ss:Type="String">CHA002</Data></Cell>
    <Cell ss:StyleID="s87"><Data ss:Type="String">84</Data></Cell>
    <Cell ss:StyleID="s80"/>
    <Cell ss:StyleID="s86"><Data ss:Type="String">Stretch Mark Cream - 100g</Data></Cell>
   </Row>
   <Row ss:AutoFitHeight="0" ss:Height="21">
    <Cell ss:StyleID="s83"><Data ss:Type="Number">11</Data></Cell>
    <Cell ss:StyleID="s89"><Data ss:Type="String">CHA003</Data></Cell>
    <Cell ss:StyleID="s87"><Data ss:Type="String">62</Data></Cell>
    <Cell ss:StyleID="s80"/>
    <Cell ss:StyleID="s86"><Data ss:Type="String">Lanolin Baby Cream - 100g</Data></Cell>
   </Row>
   <Row ss:AutoFitHeight="0" ss:Height="21">
    <Cell ss:StyleID="s83"><Data ss:Type="Number">12</Data></Cell>
    <Cell ss:StyleID="s89"><Data ss:Type="String">CHA004</Data></Cell>
    <Cell ss:StyleID="s87"><Data ss:Type="String">79</Data></Cell>
    <Cell ss:StyleID="s80"/>
    <Cell ss:StyleID="s86"><Data ss:Type="String">Lanolin Kids Cream - 100g</Data></Cell>
   </Row>
   <Row ss:AutoFitHeight="0" ss:Height="21">
    <Cell ss:StyleID="s83"><Data ss:Type="Number">13</Data></Cell>
    <Cell ss:StyleID="s89"><Data ss:Type="String">CHA005</Data></Cell>
    <Cell ss:StyleID="s87"><Data ss:Type="String">92</Data></Cell>
    <Cell ss:StyleID="s80"/>
    <Cell ss:StyleID="s86"><Data ss:Type="String">Nappy Cream - 50g</Data></Cell>
   </Row>
   <Row ss:AutoFitHeight="0" ss:Height="21">
    <Cell ss:StyleID="s83"><Data ss:Type="Number">14</Data></Cell>
    <Cell ss:StyleID="s89"><Data ss:Type="String">CHA006</Data></Cell>
    <Cell ss:StyleID="s87"><Data ss:Type="String">111</Data></Cell>
    <Cell ss:StyleID="s80"/>
    <Cell ss:StyleID="s86"><Data ss:Type="String">Bath Wash - 120ml</Data></Cell>
   </Row>
   <Row ss:AutoFitHeight="0" ss:Height="21">
    <Cell ss:StyleID="s83"><Data ss:Type="Number">15</Data></Cell>
    <Cell ss:StyleID="s89"><Data ss:Type="String">CHA007</Data></Cell>
    <Cell ss:StyleID="s87"><Data ss:Type="String">113</Data></Cell>
    <Cell ss:StyleID="s80"/>
    <Cell ss:StyleID="s86"><Data ss:Type="String">Baby Oil - 120ml</Data></Cell>
   </Row>
   <Row ss:AutoFitHeight="0" ss:Height="21">
    <Cell ss:StyleID="s83"><Data ss:Type="Number">16</Data></Cell>
    <Cell ss:StyleID="s89"><Data ss:Type="String">CHA009</Data></Cell>
    <Cell ss:StyleID="s87"><Data ss:Type="String">69</Data></Cell>
    <Cell ss:StyleID="s80"/>
    <Cell ss:StyleID="s86"><Data ss:Type="String">Goats Milk Soap For Baby - 100g</Data></Cell>
   </Row>
   <Row ss:AutoFitHeight="0" ss:Height="21">
    <Cell ss:StyleID="s83"><Data ss:Type="Number">17</Data></Cell>
    <Cell ss:StyleID="s89"><Data ss:Type="String">CHA010</Data></Cell>
    <Cell ss:StyleID="s87"><Data ss:Type="String">208</Data></Cell>
    <Cell ss:StyleID="s80"/>
    <Cell ss:StyleID="s86"><Data ss:Type="String">Emu Oil Essence Cream - 100g</Data></Cell>
   </Row>
   <Row ss:AutoFitHeight="0" ss:Height="21">
    <Cell ss:StyleID="s83"><Data ss:Type="Number">18</Data></Cell>
    <Cell ss:StyleID="s89"><Data ss:Type="String">GN015</Data></Cell>
    <Cell ss:StyleID="s87"><Data ss:Type="String">212</Data></Cell>
    <Cell ss:StyleID="s80"/>
    <Cell ss:StyleID="s86"><Data ss:Type="String">Nature - Placenta Moisturising Cream Lanonin with vitamin E 100g</Data></Cell>
   </Row>
   <Row ss:AutoFitHeight="0" ss:Height="21">
    <Cell ss:StyleID="s83"><Data ss:Type="Number">19</Data></Cell>
    <Cell ss:StyleID="s89"><Data ss:Type="String">LUCAS002</Data></Cell>
    <Cell ss:StyleID="s87"><Data ss:Type="Number">1879</Data></Cell>
    <Cell ss:StyleID="s80"/>
    <Cell ss:StyleID="s86"><Data ss:Type="String">Lucas Papaw Ointment - tuýp 25g</Data></Cell>
   </Row>
   <Row ss:AutoFitHeight="0" ss:Height="21">
    <Cell ss:StyleID="s83"><Data ss:Type="Number">20</Data></Cell>
    <Cell ss:StyleID="s89"><Data ss:Type="String">LUCAS003</Data></Cell>
    <Cell ss:StyleID="s87"><Data ss:Type="String">20</Data></Cell>
    <Cell ss:StyleID="s80"/>
    <Cell ss:StyleID="s86"><Data ss:Type="String">Lucas Papaw Ointment - hũ 75g</Data></Cell>
   </Row>
   <Row ss:AutoFitHeight="0" ss:Height="21">
    <Cell ss:StyleID="s83"><Data ss:Type="Number">21</Data></Cell>
    <Cell ss:StyleID="s89"><Data ss:Type="String">MIA001</Data></Cell>
    <Cell ss:StyleID="s87"><Data ss:Type="String">10</Data></Cell>
    <Cell ss:StyleID="s80"/>
    <Cell ss:StyleID="s86"><Data ss:Type="String">Queen Rain Forest Honey - 500 g</Data></Cell>
   </Row>
   <Row ss:AutoFitHeight="0" ss:Height="21">
    <Cell ss:StyleID="s83"><Data ss:Type="Number">22</Data></Cell>
    <Cell ss:StyleID="s89"><Data ss:Type="String">MIA002</Data></Cell>
    <Cell ss:StyleID="s87"><Data ss:Type="String">9</Data></Cell>
    <Cell ss:StyleID="s80"/>
    <Cell ss:StyleID="s86"><Data ss:Type="String">Queen Coffee Infused Honey - 500 g</Data></Cell>
   </Row>
   <Row ss:AutoFitHeight="0" ss:Height="21">
    <Cell ss:StyleID="s83"><Data ss:Type="Number">23</Data></Cell>
    <Cell ss:StyleID="s89"><Data ss:Type="String">MIA003</Data></Cell>
    <Cell ss:StyleID="s87"><Data ss:Type="String">8</Data></Cell>
    <Cell ss:StyleID="s80"/>
    <Cell ss:StyleID="s86"><Data ss:Type="String">Queen Ginger In Honey - 500 g</Data></Cell>
   </Row>
   <Row ss:AutoFitHeight="0" ss:Height="21">
    <Cell ss:StyleID="s83"><Data ss:Type="Number">24</Data></Cell>
    <Cell ss:StyleID="s89"><Data ss:Type="String">MIA004</Data></Cell>
    <Cell ss:StyleID="s87"><Data ss:Type="String">11</Data></Cell>
    <Cell ss:StyleID="s80"/>
    <Cell ss:StyleID="s86"><Data ss:Type="String">Queen Honey Comb - 350g</Data></Cell>
   </Row>
   <Row ss:AutoFitHeight="0" ss:Height="21">
    <Cell ss:StyleID="s83"><Data ss:Type="Number">25</Data></Cell>
    <Cell ss:StyleID="s89"><Data ss:Type="String">MIA005</Data></Cell>
    <Cell ss:StyleID="s87"><Data ss:Type="String">114</Data></Cell>
    <Cell ss:StyleID="s80"/>
    <Cell ss:StyleID="s86"><Data ss:Type="String">Queen Honey Manuka 166+ - 500g</Data></Cell>
   </Row>
   <Row ss:AutoFitHeight="0" ss:Height="21">
    <Cell ss:StyleID="s83"><Data ss:Type="Number">26</Data></Cell>
    <Cell ss:StyleID="s89"><Data ss:Type="String">NN001</Data></Cell>
    <Cell ss:StyleID="s87"><Data ss:Type="String">65</Data></Cell>
    <Cell ss:StyleID="s80"/>
    <Cell ss:StyleID="s86"><Data ss:Type="String">Bilberry 5000mg - 100 v</Data></Cell>
   </Row>
   <Row ss:AutoFitHeight="0" ss:Height="21">
    <Cell ss:StyleID="s83"><Data ss:Type="Number">27</Data></Cell>
    <Cell ss:StyleID="s89"><Data ss:Type="String">NN003</Data></Cell>
    <Cell ss:StyleID="s87"><Data ss:Type="String">86</Data></Cell>
    <Cell ss:StyleID="s80"/>
    <Cell ss:StyleID="s86"><Data ss:Type="String">Bio Co Q10 100mg - 60 v</Data></Cell>
   </Row>
   <Row ss:AutoFitHeight="0" ss:Height="21">
    <Cell ss:StyleID="s83"><Data ss:Type="Number">28</Data></Cell>
    <Cell ss:StyleID="s89"><Data ss:Type="String">NN004</Data></Cell>
    <Cell ss:StyleID="s87"><Data ss:Type="String">43</Data></Cell>
    <Cell ss:StyleID="s80"/>
    <Cell ss:StyleID="s86"><Data ss:Type="String">Bio Co Q10 100mg - 120 v</Data></Cell>
   </Row>
   <Row ss:AutoFitHeight="0" ss:Height="21">
    <Cell ss:StyleID="s83"><Data ss:Type="Number">29</Data></Cell>
    <Cell ss:StyleID="s89"><Data ss:Type="String">NN006</Data></Cell>
    <Cell ss:StyleID="s87"><Data ss:Type="String">57</Data></Cell>
    <Cell ss:StyleID="s80"/>
    <Cell ss:StyleID="s86"><Data ss:Type="String">Colostrum 60mg IGG 120 v</Data></Cell>
   </Row>
   <Row ss:AutoFitHeight="0" ss:Height="21">
    <Cell ss:StyleID="s83"><Data ss:Type="Number">30</Data></Cell>
    <Cell ss:StyleID="s89"><Data ss:Type="String">NN008</Data></Cell>
    <Cell ss:StyleID="s87"><Data ss:Type="String">66</Data></Cell>
    <Cell ss:StyleID="s80"/>
    <Cell ss:StyleID="s86"><Data ss:Type="String">Essence of Kangaroo - 110 v</Data></Cell>
   </Row>
   <Row ss:AutoFitHeight="0" ss:Height="21">
    <Cell ss:StyleID="s83"><Data ss:Type="Number">31</Data></Cell>
    <Cell ss:StyleID="s89"><Data ss:Type="String">NN009</Data></Cell>
    <Cell ss:StyleID="s87"><Data ss:Type="String">42</Data></Cell>
    <Cell ss:StyleID="s80"/>
    <Cell ss:StyleID="s86"><Data ss:Type="String">Primrose Oil EPO + E 1000mg - 100 v</Data></Cell>
   </Row>
   <Row ss:AutoFitHeight="0" ss:Height="21">
    <Cell ss:StyleID="s83"><Data ss:Type="Number">32</Data></Cell>
    <Cell ss:StyleID="s89"><Data ss:Type="String">NN010</Data></Cell>
    <Cell ss:StyleID="s87"><Data ss:Type="String">-</Data></Cell>
    <Cell ss:StyleID="s80"/>
    <Cell ss:StyleID="s86"><Data ss:Type="String">Primrose Oil EPO + E 1000mg </Data></Cell>
   </Row>
   <Row ss:AutoFitHeight="0" ss:Height="21">
    <Cell ss:StyleID="s83"><Data ss:Type="Number">33</Data></Cell>
    <Cell ss:StyleID="s89"><Data ss:Type="String">NN011</Data></Cell>
    <Cell ss:StyleID="s87"><Data ss:Type="String">1</Data></Cell>
    <Cell ss:StyleID="s80"/>
    <Cell ss:StyleID="s86"><Data ss:Type="String">Ginkgo Biloba 2500mg - 100 v</Data></Cell>
   </Row>
   <Row ss:AutoFitHeight="0" ss:Height="21">
    <Cell ss:StyleID="s83"><Data ss:Type="Number">34</Data></Cell>
    <Cell ss:StyleID="s89"><Data ss:Type="String">NN012</Data></Cell>
    <Cell ss:StyleID="s87"><Data ss:Type="String">34</Data></Cell>
    <Cell ss:StyleID="s80"/>
    <Cell ss:StyleID="s86"><Data ss:Type="String">Goat Milk Chocolate - 300 v</Data></Cell>
   </Row>
   <Row ss:AutoFitHeight="0" ss:Height="21">
    <Cell ss:StyleID="s83"><Data ss:Type="Number">35</Data></Cell>
    <Cell ss:StyleID="s89"><Data ss:Type="String">NN013</Data></Cell>
    <Cell ss:StyleID="s87"><Data ss:Type="String">29</Data></Cell>
    <Cell ss:StyleID="s80"/>
    <Cell ss:StyleID="s86"><Data ss:Type="String">Goat Milk Natural - 300 v</Data></Cell>
   </Row>
   <Row ss:AutoFitHeight="0" ss:Height="21">
    <Cell ss:StyleID="s83"><Data ss:Type="Number">36</Data></Cell>
    <Cell ss:StyleID="s89"><Data ss:Type="String">NN016</Data></Cell>
    <Cell ss:StyleID="s87"><Data ss:Type="String">37</Data></Cell>
    <Cell ss:StyleID="s80"/>
    <Cell ss:StyleID="s86"><Data ss:Type="String">Lecithin 1200mg - 100 v</Data></Cell>
   </Row>
   <Row ss:AutoFitHeight="0" ss:Height="21">
    <Cell ss:StyleID="s83"><Data ss:Type="Number">37</Data></Cell>
    <Cell ss:StyleID="s89"><Data ss:Type="String">NN017</Data></Cell>
    <Cell ss:StyleID="s87"><Data ss:Type="String">58</Data></Cell>
    <Cell ss:StyleID="s80"/>
    <Cell ss:StyleID="s86"><Data ss:Type="String">Lecithin 1200mg - 200 v</Data></Cell>
   </Row>
   <Row ss:AutoFitHeight="0" ss:Height="21">
    <Cell ss:StyleID="s83"><Data ss:Type="Number">38</Data></Cell>
    <Cell ss:StyleID="s89"><Data ss:Type="String">NN018</Data></Cell>
    <Cell ss:StyleID="s87"><Data ss:Type="String">81</Data></Cell>
    <Cell ss:StyleID="s80"/>
    <Cell ss:StyleID="s86"><Data ss:Type="String">Libido Plus For Men - 60 v</Data></Cell>
   </Row>
   <Row ss:AutoFitHeight="0" ss:Height="21">
    <Cell ss:StyleID="s83"><Data ss:Type="Number">39</Data></Cell>
    <Cell ss:StyleID="s89"><Data ss:Type="String">NN021</Data></Cell>
    <Cell ss:StyleID="s87"><Data ss:Type="String">95</Data></Cell>
    <Cell ss:StyleID="s80"/>
    <Cell ss:StyleID="s86"><Data ss:Type="String">Olive Leaf - 30 ml</Data></Cell>
   </Row>
   <Row ss:AutoFitHeight="0" ss:Height="21">
    <Cell ss:StyleID="s83"><Data ss:Type="Number">40</Data></Cell>
    <Cell ss:StyleID="s89"><Data ss:Type="String">NN023</Data></Cell>
    <Cell ss:StyleID="s87"><Data ss:Type="String">33</Data></Cell>
    <Cell ss:StyleID="s80"/>
    <Cell ss:StyleID="s86"><Data ss:Type="String">Omega 3 1000mg - 210 v</Data></Cell>
   </Row>
   <Row ss:AutoFitHeight="0" ss:Height="21">
    <Cell ss:StyleID="s83"><Data ss:Type="Number">41</Data></Cell>
    <Cell ss:StyleID="s89"><Data ss:Type="String">NN025</Data></Cell>
    <Cell ss:StyleID="s87"><Data ss:Type="String">-</Data></Cell>
    <Cell ss:StyleID="s80"/>
    <Cell ss:StyleID="s86"><Data ss:Type="String">Propolis 1000mg - 365 v</Data></Cell>
   </Row>
   <Row ss:AutoFitHeight="0" ss:Height="21">
    <Cell ss:StyleID="s83"><Data ss:Type="Number">42</Data></Cell>
    <Cell ss:StyleID="s89"><Data ss:Type="String">NN026</Data></Cell>
    <Cell ss:StyleID="s87"><Data ss:Type="String">44</Data></Cell>
    <Cell ss:StyleID="s80"/>
    <Cell ss:StyleID="s86"><Data ss:Type="String">Propolis 2150mg - 365 v</Data></Cell>
   </Row>
   <Row ss:AutoFitHeight="0" ss:Height="21">
    <Cell ss:StyleID="s83"><Data ss:Type="Number">43</Data></Cell>
    <Cell ss:StyleID="s89"><Data ss:Type="String">NN027</Data></Cell>
    <Cell ss:StyleID="s87"><Data ss:Type="String">1</Data></Cell>
    <Cell ss:StyleID="s80"/>
    <Cell ss:StyleID="s86"><Data ss:Type="String">Propolis 500mg - 365 v</Data></Cell>
   </Row>
   <Row ss:AutoFitHeight="0" ss:Height="21">
    <Cell ss:StyleID="s83"><Data ss:Type="Number">44</Data></Cell>
    <Cell ss:StyleID="s89"><Data ss:Type="String">NN030</Data></Cell>
    <Cell ss:StyleID="s87"><Data ss:Type="String">2</Data></Cell>
    <Cell ss:StyleID="s80"/>
    <Cell ss:StyleID="s86"><Data ss:Type="String">Propolis 500mg - 180 v</Data></Cell>
   </Row>
   <Row ss:AutoFitHeight="0" ss:Height="21">
    <Cell ss:StyleID="s83"><Data ss:Type="Number">45</Data></Cell>
    <Cell ss:StyleID="s89"><Data ss:Type="String">NN031</Data></Cell>
    <Cell ss:StyleID="s87"><Data ss:Type="String">83</Data></Cell>
    <Cell ss:StyleID="s80"/>
    <Cell ss:StyleID="s86"><Data ss:Type="String">Propolis Liquid - 25ml</Data></Cell>
   </Row>
   <Row ss:AutoFitHeight="0" ss:Height="21">
    <Cell ss:StyleID="s83"><Data ss:Type="Number">46</Data></Cell>
    <Cell ss:StyleID="s89"><Data ss:Type="String">NN034</Data></Cell>
    <Cell ss:StyleID="s87"><Data ss:Type="String">117</Data></Cell>
    <Cell ss:StyleID="s80"/>
    <Cell ss:StyleID="s86"><Data ss:Type="String">Royal Jelly 1000mg - 180 v</Data></Cell>
   </Row>
   <Row ss:AutoFitHeight="0" ss:Height="21">
    <Cell ss:StyleID="s83"><Data ss:Type="Number">47</Data></Cell>
    <Cell ss:StyleID="s89"><Data ss:Type="String">NN035</Data></Cell>
    <Cell ss:StyleID="s87"><Data ss:Type="String">154</Data></Cell>
    <Cell ss:StyleID="s80"/>
    <Cell ss:StyleID="s86"><Data ss:Type="String">Royal Jelly 1000mg - 365 v</Data></Cell>
   </Row>
   <Row ss:AutoFitHeight="0" ss:Height="21">
    <Cell ss:StyleID="s83"><Data ss:Type="Number">48</Data></Cell>
    <Cell ss:StyleID="s89"><Data ss:Type="String">NN038</Data></Cell>
    <Cell ss:StyleID="s87"><Data ss:Type="String">87</Data></Cell>
    <Cell ss:StyleID="s80"/>
    <Cell ss:StyleID="s86"><Data ss:Type="String">Sheep Placenta 10000mg - 100 v</Data></Cell>
   </Row>
   <Row ss:AutoFitHeight="0" ss:Height="21">
    <Cell ss:StyleID="s83"><Data ss:Type="Number">49</Data></Cell>
    <Cell ss:StyleID="s89"><Data ss:Type="String">NN040</Data></Cell>
    <Cell ss:StyleID="s87"><Data ss:Type="String">184</Data></Cell>
    <Cell ss:StyleID="s80"/>
    <Cell ss:StyleID="s86"><Data ss:Type="String">Squalene 1000mg - 210 v</Data></Cell>
   </Row>
   <Row ss:AutoFitHeight="0" ss:Height="21">
    <Cell ss:StyleID="s83"><Data ss:Type="Number">50</Data></Cell>
    <Cell ss:StyleID="s89"><Data ss:Type="String">NN042</Data></Cell>
    <Cell ss:StyleID="s87"><Data ss:Type="String">137</Data></Cell>
    <Cell ss:StyleID="s80"/>
    <Cell ss:StyleID="s86"><Data ss:Type="String">Super OPC Antioxidant - 100 v</Data></Cell>
   </Row>
   <Row ss:AutoFitHeight="0" ss:Height="21">
    <Cell ss:StyleID="s83"><Data ss:Type="Number">51</Data></Cell>
    <Cell ss:StyleID="s89"><Data ss:Type="String">NN043</Data></Cell>
    <Cell ss:StyleID="s87"><Data ss:Type="String">15</Data></Cell>
    <Cell ss:StyleID="s80"/>
    <Cell ss:StyleID="s86"><Data ss:Type="String">Tri-Up Libido Plus For Men - 90 v</Data></Cell>
   </Row>
   <Row ss:AutoFitHeight="0" ss:Height="21">
    <Cell ss:StyleID="s83"><Data ss:Type="Number">52</Data></Cell>
    <Cell ss:StyleID="s89"><Data ss:Type="String">NN045</Data></Cell>
    <Cell ss:StyleID="s87"><Data ss:Type="String">115</Data></Cell>
    <Cell ss:StyleID="s80"/>
    <Cell ss:StyleID="s86"><Data ss:Type="String">Omega 3 Fish Oil 1000mg Vitamin E - 365 v</Data></Cell>
   </Row>
   <Row ss:AutoFitHeight="0" ss:Height="21">
    <Cell ss:StyleID="s83"><Data ss:Type="Number">53</Data></Cell>
    <Cell ss:StyleID="s89"><Data ss:Type="String">NN046</Data></Cell>
    <Cell ss:StyleID="s87"><Data ss:Type="String">17</Data></Cell>
    <Cell ss:StyleID="s80"/>
    <Cell ss:StyleID="s86"><Data ss:Type="String">Super Omega 3 Fish Oil 1000mg Vitamin E - 100 v</Data></Cell>
   </Row>
   <Row ss:AutoFitHeight="0" ss:Height="21">
    <Cell ss:StyleID="s83"><Data ss:Type="Number">54</Data></Cell>
    <Cell ss:StyleID="s89"><Data ss:Type="String">NN047</Data></Cell>
    <Cell ss:StyleID="s87"><Data ss:Type="String">88</Data></Cell>
    <Cell ss:StyleID="s80"/>
    <Cell ss:StyleID="s86"><Data ss:Type="String">Omega 3 Fish Oil 1000mg Vitamin E - 200 v</Data></Cell>
   </Row>
   <Row ss:AutoFitHeight="0" ss:Height="21">
    <Cell ss:StyleID="s83"><Data ss:Type="Number">55</Data></Cell>
    <Cell ss:StyleID="s89"><Data ss:Type="String">NPA001</Data></Cell>
    <Cell ss:StyleID="s87"><Data ss:Type="String">-</Data></Cell>
    <Cell ss:StyleID="s80"/>
    <Cell ss:StyleID="s86"><Data ss:Type="String">Bio CoQ10 100mg - </Data></Cell>
   </Row>
   <Row ss:AutoFitHeight="0" ss:Height="21">
    <Cell ss:StyleID="s83"><Data ss:Type="Number">56</Data></Cell>
    <Cell ss:StyleID="s89"><Data ss:Type="String">NPA002</Data></Cell>
    <Cell ss:StyleID="s87"><Data ss:Type="String">-</Data></Cell>
    <Cell ss:StyleID="s80"/>
    <Cell ss:StyleID="s86"><Data ss:Type="String">Colostrum 60mg - 60mg</Data></Cell>
   </Row>
   <Row ss:AutoFitHeight="0" ss:Height="21">
    <Cell ss:StyleID="s83"><Data ss:Type="Number">57</Data></Cell>
    <Cell ss:StyleID="s89"><Data ss:Type="String">NPA003</Data></Cell>
    <Cell ss:StyleID="s87"><Data ss:Type="String">-</Data></Cell>
    <Cell ss:StyleID="s80"/>
    <Cell ss:StyleID="s86"><Data ss:Type="String">Evening Primrose Oil 1000mg - 200 v</Data></Cell>
   </Row>
   <Row ss:AutoFitHeight="0" ss:Height="21">
    <Cell ss:StyleID="s83"><Data ss:Type="Number">58</Data></Cell>
    <Cell ss:StyleID="s89"><Data ss:Type="String">NPA007</Data></Cell>
    <Cell ss:StyleID="s87"><Data ss:Type="String">9</Data></Cell>
    <Cell ss:StyleID="s80"/>
    <Cell ss:StyleID="s86"><Data ss:Type="String">Royal Jelly 1000mg - 365 v</Data></Cell>
   </Row>
   <Row ss:AutoFitHeight="0" ss:Height="21">
    <Cell ss:StyleID="s83"><Data ss:Type="Number">59</Data></Cell>
    <Cell ss:StyleID="s89"><Data ss:Type="String">NPA009</Data></Cell>
    <Cell ss:StyleID="s87"><Data ss:Type="String">-</Data></Cell>
    <Cell ss:StyleID="s80"/>
    <Cell ss:StyleID="s86"><Data ss:Type="String">Omega3 Fish Oil 1000mg - 200 v</Data></Cell>
   </Row>
   <Row ss:AutoFitHeight="0" ss:Height="21">
    <Cell ss:StyleID="s83"><Data ss:Type="Number">60</Data></Cell>
    <Cell ss:StyleID="s89"><Data ss:Type="String">NPA012</Data></Cell>
    <Cell ss:StyleID="s87"><Data ss:Type="String">-</Data></Cell>
    <Cell ss:StyleID="s80"/>
    <Cell ss:StyleID="s86"><Data ss:Type="String">Squalene Shark Liver Oil 1000mg  - 365 v</Data></Cell>
   </Row>
   <Row ss:AutoFitHeight="0" ss:Height="21">
    <Cell ss:StyleID="s83"><Data ss:Type="Number">61</Data></Cell>
    <Cell ss:StyleID="s89"><Data ss:Type="String">NPA013</Data></Cell>
    <Cell ss:StyleID="s87"><Data ss:Type="String">-</Data></Cell>
    <Cell ss:StyleID="s80"/>
    <Cell ss:StyleID="s86"><Data ss:Type="String">Squalene Shark Liver Oil 1000mg  - 200 v</Data></Cell>
   </Row>
   <Row ss:AutoFitHeight="0" ss:Height="21">
    <Cell ss:StyleID="s83"><Data ss:Type="Number">62</Data></Cell>
    <Cell ss:StyleID="s89"><Data ss:Type="String">NPA014</Data></Cell>
    <Cell ss:StyleID="s87"><Data ss:Type="String">128</Data></Cell>
    <Cell ss:StyleID="s80"/>
    <Cell ss:StyleID="s86"><Data ss:Type="String">Super Red Kangaroo 15000mg - 90 v</Data></Cell>
   </Row>
   <Row ss:AutoFitHeight="0" ss:Height="21">
    <Cell ss:StyleID="s83"><Data ss:Type="Number">63</Data></Cell>
    <Cell ss:StyleID="s89"><Data ss:Type="String">NPA015</Data></Cell>
    <Cell ss:StyleID="s87"><Data ss:Type="String">212</Data></Cell>
    <Cell ss:StyleID="s80"/>
    <Cell ss:StyleID="s86"><Data ss:Type="String">Placenta Essence Cream with Grape Seed Extract - 100 g</Data></Cell>
   </Row>
   <Row ss:AutoFitHeight="0" ss:Height="21">
    <Cell ss:StyleID="s83"><Data ss:Type="Number">64</Data></Cell>
    <Cell ss:StyleID="s89"><Data ss:Type="String">NPA016</Data></Cell>
    <Cell ss:StyleID="s87"><Data ss:Type="String">224</Data></Cell>
    <Cell ss:StyleID="s80"/>
    <Cell ss:StyleID="s86"><Data ss:Type="String">Placenta Essence Cream With Emu Oil - 100 g</Data></Cell>
   </Row>
   <Row ss:AutoFitHeight="0" ss:Height="21">
    <Cell ss:StyleID="s83"><Data ss:Type="Number">65</Data></Cell>
    <Cell ss:StyleID="s89"><Data ss:Type="String">NPA017</Data></Cell>
    <Cell ss:StyleID="s87"><Data ss:Type="String">274</Data></Cell>
    <Cell ss:StyleID="s80"/>
    <Cell ss:StyleID="s86"><Data ss:Type="String">Sheep Placenta 30000mg -90 v</Data></Cell>
   </Row>
   <Row ss:AutoFitHeight="0" ss:Height="21">
    <Cell ss:StyleID="s83"><Data ss:Type="Number">66</Data></Cell>
    <Cell ss:StyleID="s89"><Data ss:Type="String">NPA018</Data></Cell>
    <Cell ss:StyleID="s87"><Data ss:Type="String">1</Data></Cell>
    <Cell ss:StyleID="s80"/>
    <Cell ss:StyleID="s86"><Data ss:Type="String">Bilberry 5000 mg - 90 v</Data></Cell>
   </Row>
   <Row ss:AutoFitHeight="0" ss:Height="21">
    <Cell ss:StyleID="s83"><Data ss:Type="Number">67</Data></Cell>
    <Cell ss:StyleID="s89"><Data ss:Type="String">NPA019</Data></Cell>
    <Cell ss:StyleID="s87"><Data ss:Type="String">1</Data></Cell>
    <Cell ss:StyleID="s80"/>
    <Cell ss:StyleID="s86"><Data ss:Type="String">Essence Of Kangaroo 2250 - 100 v</Data></Cell>
   </Row>
   <Row ss:AutoFitHeight="0" ss:Height="21">
    <Cell ss:StyleID="s83"><Data ss:Type="Number">68</Data></Cell>
    <Cell ss:StyleID="s89"><Data ss:Type="String">NPA020</Data></Cell>
    <Cell ss:StyleID="s87"><Data ss:Type="String">39</Data></Cell>
    <Cell ss:StyleID="s80"/>
    <Cell ss:StyleID="s86"><Data ss:Type="String">Marine Collagen 1000mg - 90 v</Data></Cell>
   </Row>
   <Row ss:AutoFitHeight="0" ss:Height="21">
    <Cell ss:StyleID="s83"><Data ss:Type="Number">69</Data></Cell>
    <Cell ss:StyleID="s89"><Data ss:Type="String">NPA021</Data></Cell>
    <Cell ss:StyleID="s87"><Data ss:Type="String">59</Data></Cell>
    <Cell ss:StyleID="s80"/>
    <Cell ss:StyleID="s86"><Data ss:Type="String">Liver Tonic 35000mg - 90 v</Data></Cell>
   </Row>
   <Row ss:AutoFitHeight="0" ss:Height="21">
    <Cell ss:StyleID="s83"><Data ss:Type="Number">70</Data></Cell>
    <Cell ss:StyleID="s89"><Data ss:Type="String">OVIS001</Data></Cell>
    <Cell ss:StyleID="s87"><Data ss:Type="String">2</Data></Cell>
    <Cell ss:StyleID="s80"/>
    <Cell ss:StyleID="s86"><Data ss:Type="String">Placenta Eye Cream - 15g</Data></Cell>
   </Row>
   <Row ss:AutoFitHeight="0" ss:Height="21">
    <Cell ss:StyleID="s83"><Data ss:Type="Number">71</Data></Cell>
    <Cell ss:StyleID="s89"><Data ss:Type="String">OVIS002</Data></Cell>
    <Cell ss:StyleID="s87"><Data ss:Type="String">22</Data></Cell>
    <Cell ss:StyleID="s80"/>
    <Cell ss:StyleID="s86"><Data ss:Type="String">Placenta Serum - 10mlx3</Data></Cell>
   </Row>
   <Row ss:AutoFitHeight="0" ss:Height="21">
    <Cell ss:StyleID="s83"><Data ss:Type="Number">72</Data></Cell>
    <Cell ss:StyleID="s89"><Data ss:Type="String">OVIS003</Data></Cell>
    <Cell ss:StyleID="s87"><Data ss:Type="String">21</Data></Cell>
    <Cell ss:StyleID="s80"/>
    <Cell ss:StyleID="s86"><Data ss:Type="String">Bio-Essence Collagen - 50ml</Data></Cell>
   </Row>
   <Row ss:AutoFitHeight="0" ss:Height="21">
    <Cell ss:StyleID="s83"><Data ss:Type="Number">73</Data></Cell>
    <Cell ss:StyleID="s89"><Data ss:Type="String">SUN001</Data></Cell>
    <Cell ss:StyleID="s87"><Data ss:Type="String">68</Data></Cell>
    <Cell ss:StyleID="s80"/>
    <Cell ss:StyleID="s86"><Data ss:Type="String">Abalone 500mg - 60 v</Data></Cell>
   </Row>
   <Row ss:AutoFitHeight="0" ss:Height="21">
    <Cell ss:StyleID="s83"><Data ss:Type="Number">74</Data></Cell>
    <Cell ss:StyleID="s89"><Data ss:Type="String">SUN004</Data></Cell>
    <Cell ss:StyleID="s87"><Data ss:Type="String">-</Data></Cell>
    <Cell ss:StyleID="s80"/>
    <Cell ss:StyleID="s86"><Data ss:Type="String">Joint Repair Glucosamine + Chondroitin - 300 v</Data></Cell>
   </Row>
   <Row ss:AutoFitHeight="0" ss:Height="21">
    <Cell ss:StyleID="s83"><Data ss:Type="Number">75</Data></Cell>
    <Cell ss:StyleID="s89"><Data ss:Type="String">SUN007</Data></Cell>
    <Cell ss:StyleID="s87"><Data ss:Type="String">126</Data></Cell>
    <Cell ss:StyleID="s80"/>
    <Cell ss:StyleID="s86"><Data ss:Type="String">Propolis 1000mg - 365 v</Data></Cell>
   </Row>
   <Row ss:AutoFitHeight="0" ss:Height="21">
    <Cell ss:StyleID="s83"><Data ss:Type="Number">76</Data></Cell>
    <Cell ss:StyleID="s89"><Data ss:Type="String">SUN009</Data></Cell>
    <Cell ss:StyleID="s87"><Data ss:Type="String">34</Data></Cell>
    <Cell ss:StyleID="s80"/>
    <Cell ss:StyleID="s86"><Data ss:Type="String">Sheep Placenta 30000mg - 60 v</Data></Cell>
   </Row>
   <Row ss:AutoFitHeight="0" ss:Height="21">
    <Cell ss:StyleID="s83"><Data ss:Type="Number">77</Data></Cell>
    <Cell ss:StyleID="s89"><Data ss:Type="String">SUN012</Data></Cell>
    <Cell ss:StyleID="s87"><Data ss:Type="String">31</Data></Cell>
    <Cell ss:StyleID="s80"/>
    <Cell ss:StyleID="s86"><Data ss:Type="String">Royal Jelly 1000mg - 365 V</Data></Cell>
   </Row>
   <Row ss:AutoFitHeight="0" ss:Height="21">
    <Cell ss:StyleID="s83"><Data ss:Type="Number">78</Data></Cell>
    <Cell ss:StyleID="s89"><Data ss:Type="String">SUN013</Data></Cell>
    <Cell ss:StyleID="s87"><Data ss:Type="String">10</Data></Cell>
    <Cell ss:StyleID="s80"/>
    <Cell ss:StyleID="s86"><Data ss:Type="String">Liver Tonic 35000mg - 60 V</Data></Cell>
   </Row>
  </Table>
  <WorksheetOptions xmlns="urn:schemas-microsoft-com:office:excel">
   <Print>
    <ValidPrinterInfo/>
    <PaperSizeIndex>9</PaperSizeIndex>
    <HorizontalResolution>600</HorizontalResolution>
    <VerticalResolution>600</VerticalResolution>
   </Print>
   <Selected/>
   <Panes>
    <Pane>
     <Number>3</Number>
     <ActiveRow>4</ActiveRow>
     <ActiveCol>4</ActiveCol>
    </Pane>
   </Panes>
   <ProtectObjects>False</ProtectObjects>
   <ProtectScenarios>False</ProtectScenarios>
  </WorksheetOptions>
  <x:WorksheetOptions/>
 </Worksheet>
 <Worksheet ss:Name="Sheet2">
  <Table ss:ExpandedColumnCount="1" ss:ExpandedRowCount="78" x:FullColumns="1"
   x:FullRows="1" ss:DefaultRowHeight="15">
   <Row ss:AutoFitHeight="0">
    <Cell><Data ss:Type="Number">22</Data></Cell>
   </Row>
   <Row ss:AutoFitHeight="0">
    <Cell><Data ss:Type="Number">23</Data></Cell>
   </Row>
   <Row ss:AutoFitHeight="0">
    <Cell><Data ss:Type="Number">20</Data></Cell>
   </Row>
   <Row ss:AutoFitHeight="0">
    <Cell><Data ss:Type="Number">24</Data></Cell>
   </Row>
   <Row ss:AutoFitHeight="0">
    <Cell><Data ss:Type="Number">22</Data></Cell>
   </Row>
   <Row ss:AutoFitHeight="0">
    <Cell><Data ss:Type="Number">103</Data></Cell>
   </Row>
   <Row ss:AutoFitHeight="0">
    <Cell><Data ss:Type="Number">38</Data></Cell>
   </Row>
   <Row ss:AutoFitHeight="0">
    <Cell><Data ss:Type="Number">105</Data></Cell>
   </Row>
   <Row ss:AutoFitHeight="0">
    <Cell><Data ss:Type="Number">110</Data></Cell>
   </Row>
   <Row ss:AutoFitHeight="0">
    <Cell><Data ss:Type="Number">84</Data></Cell>
   </Row>
   <Row ss:AutoFitHeight="0">
    <Cell><Data ss:Type="Number">62</Data></Cell>
   </Row>
   <Row ss:AutoFitHeight="0">
    <Cell><Data ss:Type="Number">79</Data></Cell>
   </Row>
   <Row ss:AutoFitHeight="0">
    <Cell><Data ss:Type="Number">92</Data></Cell>
   </Row>
   <Row ss:AutoFitHeight="0">
    <Cell><Data ss:Type="Number">111</Data></Cell>
   </Row>
   <Row ss:AutoFitHeight="0">
    <Cell><Data ss:Type="Number">113</Data></Cell>
   </Row>
   <Row ss:AutoFitHeight="0">
    <Cell><Data ss:Type="Number">69</Data></Cell>
   </Row>
   <Row ss:AutoFitHeight="0">
    <Cell><Data ss:Type="Number">208</Data></Cell>
   </Row>
   <Row ss:AutoFitHeight="0">
    <Cell><Data ss:Type="Number">212</Data></Cell>
   </Row>
   <Row ss:AutoFitHeight="0">
    <Cell ss:StyleID="s79"><Data ss:Type="Number">1879</Data></Cell>
   </Row>
   <Row ss:AutoFitHeight="0">
    <Cell><Data ss:Type="Number">20</Data></Cell>
   </Row>
   <Row ss:AutoFitHeight="0">
    <Cell><Data ss:Type="Number">10</Data></Cell>
   </Row>
   <Row ss:AutoFitHeight="0">
    <Cell><Data ss:Type="Number">9</Data></Cell>
   </Row>
   <Row ss:AutoFitHeight="0">
    <Cell><Data ss:Type="Number">8</Data></Cell>
   </Row>
   <Row ss:AutoFitHeight="0">
    <Cell><Data ss:Type="Number">11</Data></Cell>
   </Row>
   <Row ss:AutoFitHeight="0">
    <Cell><Data ss:Type="Number">114</Data></Cell>
   </Row>
   <Row ss:AutoFitHeight="0">
    <Cell><Data ss:Type="Number">65</Data></Cell>
   </Row>
   <Row ss:AutoFitHeight="0">
    <Cell><Data ss:Type="Number">86</Data></Cell>
   </Row>
   <Row ss:AutoFitHeight="0">
    <Cell><Data ss:Type="Number">43</Data></Cell>
   </Row>
   <Row ss:AutoFitHeight="0">
    <Cell><Data ss:Type="Number">57</Data></Cell>
   </Row>
   <Row ss:AutoFitHeight="0">
    <Cell><Data ss:Type="Number">66</Data></Cell>
   </Row>
   <Row ss:AutoFitHeight="0">
    <Cell><Data ss:Type="Number">42</Data></Cell>
   </Row>
   <Row ss:AutoFitHeight="0">
    <Cell><Data ss:Type="String">-</Data></Cell>
   </Row>
   <Row ss:AutoFitHeight="0">
    <Cell><Data ss:Type="Number">1</Data></Cell>
   </Row>
   <Row ss:AutoFitHeight="0">
    <Cell><Data ss:Type="Number">34</Data></Cell>
   </Row>
   <Row ss:AutoFitHeight="0">
    <Cell><Data ss:Type="Number">29</Data></Cell>
   </Row>
   <Row ss:AutoFitHeight="0">
    <Cell><Data ss:Type="Number">37</Data></Cell>
   </Row>
   <Row ss:AutoFitHeight="0">
    <Cell><Data ss:Type="Number">58</Data></Cell>
   </Row>
   <Row ss:AutoFitHeight="0">
    <Cell><Data ss:Type="Number">81</Data></Cell>
   </Row>
   <Row ss:AutoFitHeight="0">
    <Cell><Data ss:Type="Number">95</Data></Cell>
   </Row>
   <Row ss:AutoFitHeight="0">
    <Cell><Data ss:Type="Number">33</Data></Cell>
   </Row>
   <Row ss:AutoFitHeight="0">
    <Cell><Data ss:Type="String">-</Data></Cell>
   </Row>
   <Row ss:AutoFitHeight="0">
    <Cell><Data ss:Type="Number">44</Data></Cell>
   </Row>
   <Row ss:AutoFitHeight="0">
    <Cell><Data ss:Type="Number">1</Data></Cell>
   </Row>
   <Row ss:AutoFitHeight="0">
    <Cell><Data ss:Type="Number">2</Data></Cell>
   </Row>
   <Row ss:AutoFitHeight="0">
    <Cell><Data ss:Type="Number">83</Data></Cell>
   </Row>
   <Row ss:AutoFitHeight="0">
    <Cell><Data ss:Type="Number">117</Data></Cell>
   </Row>
   <Row ss:AutoFitHeight="0">
    <Cell><Data ss:Type="Number">154</Data></Cell>
   </Row>
   <Row ss:AutoFitHeight="0">
    <Cell><Data ss:Type="Number">87</Data></Cell>
   </Row>
   <Row ss:AutoFitHeight="0">
    <Cell><Data ss:Type="Number">184</Data></Cell>
   </Row>
   <Row ss:AutoFitHeight="0">
    <Cell><Data ss:Type="Number">137</Data></Cell>
   </Row>
   <Row ss:AutoFitHeight="0">
    <Cell><Data ss:Type="Number">15</Data></Cell>
   </Row>
   <Row ss:AutoFitHeight="0">
    <Cell><Data ss:Type="Number">115</Data></Cell>
   </Row>
   <Row ss:AutoFitHeight="0">
    <Cell><Data ss:Type="Number">17</Data></Cell>
   </Row>
   <Row ss:AutoFitHeight="0">
    <Cell><Data ss:Type="Number">88</Data></Cell>
   </Row>
   <Row ss:AutoFitHeight="0">
    <Cell><Data ss:Type="String">-</Data></Cell>
   </Row>
   <Row ss:AutoFitHeight="0">
    <Cell><Data ss:Type="String">-</Data></Cell>
   </Row>
   <Row ss:AutoFitHeight="0">
    <Cell><Data ss:Type="String">-</Data></Cell>
   </Row>
   <Row ss:AutoFitHeight="0">
    <Cell><Data ss:Type="Number">9</Data></Cell>
   </Row>
   <Row ss:AutoFitHeight="0">
    <Cell><Data ss:Type="String">-</Data></Cell>
   </Row>
   <Row ss:AutoFitHeight="0">
    <Cell><Data ss:Type="String">-</Data></Cell>
   </Row>
   <Row ss:AutoFitHeight="0">
    <Cell><Data ss:Type="String">-</Data></Cell>
   </Row>
   <Row ss:AutoFitHeight="0">
    <Cell><Data ss:Type="Number">128</Data></Cell>
   </Row>
   <Row ss:AutoFitHeight="0">
    <Cell><Data ss:Type="Number">212</Data></Cell>
   </Row>
   <Row ss:AutoFitHeight="0">
    <Cell><Data ss:Type="Number">224</Data></Cell>
   </Row>
   <Row ss:AutoFitHeight="0">
    <Cell><Data ss:Type="Number">274</Data></Cell>
   </Row>
   <Row ss:AutoFitHeight="0">
    <Cell><Data ss:Type="Number">1</Data></Cell>
   </Row>
   <Row ss:AutoFitHeight="0">
    <Cell><Data ss:Type="Number">1</Data></Cell>
   </Row>
   <Row ss:AutoFitHeight="0">
    <Cell><Data ss:Type="Number">39</Data></Cell>
   </Row>
   <Row ss:AutoFitHeight="0">
    <Cell><Data ss:Type="Number">59</Data></Cell>
   </Row>
   <Row ss:AutoFitHeight="0">
    <Cell><Data ss:Type="Number">2</Data></Cell>
   </Row>
   <Row ss:AutoFitHeight="0">
    <Cell><Data ss:Type="Number">22</Data></Cell>
   </Row>
   <Row ss:AutoFitHeight="0">
    <Cell><Data ss:Type="Number">21</Data></Cell>
   </Row>
   <Row ss:AutoFitHeight="0">
    <Cell><Data ss:Type="Number">68</Data></Cell>
   </Row>
   <Row ss:AutoFitHeight="0">
    <Cell><Data ss:Type="String">-</Data></Cell>
   </Row>
   <Row ss:AutoFitHeight="0">
    <Cell><Data ss:Type="Number">126</Data></Cell>
   </Row>
   <Row ss:AutoFitHeight="0">
    <Cell><Data ss:Type="Number">34</Data></Cell>
   </Row>
   <Row ss:AutoFitHeight="0">
    <Cell><Data ss:Type="Number">31</Data></Cell>
   </Row>
   <Row ss:AutoFitHeight="0">
    <Cell><Data ss:Type="Number">10</Data></Cell>
   </Row>
  </Table>
  <WorksheetOptions xmlns="urn:schemas-microsoft-com:office:excel">
   <PageSetup>
    <Header x:Margin="0.3"/>
    <Footer x:Margin="0.3"/>
    <PageMargins x:Bottom="0.75" x:Left="0.7" x:Right="0.7" x:Top="0.75"/>
   </PageSetup>
   <Unsynced/>
   <Panes>
    <Pane>
     <Number>3</Number>
     <RangeSelection>R1C1:R78C1</RangeSelection>
    </Pane>
   </Panes>
   <ProtectObjects>False</ProtectObjects>
   <ProtectScenarios>False</ProtectScenarios>
  </WorksheetOptions>
 </Worksheet>
</Workbook>
