<?xml version="1.0"?>
<?mso-application progid="Excel.Sheet"?>
<Workbook xmlns="urn:schemas-microsoft-com:office:spreadsheet"
 xmlns:o="urn:schemas-microsoft-com:office:office"
 xmlns:x="urn:schemas-microsoft-com:office:excel"
 xmlns:ss="urn:schemas-microsoft-com:office:spreadsheet"
 xmlns:c="urn:schemas-microsoft-com:office:component:spreadsheet"
 xmlns:html="http://www.w3.org/TR/REC-html40"
 xmlns:x2="http://schemas.microsoft.com/office/excel/2003/xml"
 xmlns:xsi="http://www.w3.org/2001/XMLSchema-instance">
 <DocumentProperties xmlns="urn:schemas-microsoft-com:office:office">
  <LastAuthor>vt</LastAuthor>
  <LastSaved>2014-12-06T01:26:16Z</LastSaved>
  <Version>12.00</Version>
 </DocumentProperties>
 <OfficeDocumentSettings xmlns="urn:schemas-microsoft-com:office:office">
  <Colors>
   <Color>
    <Index>3</Index>
    <RGB>#000000</RGB>
   </Color>
   <Color>
    <Index>4</Index>
    <RGB>#003366</RGB>
   </Color>
   <Color>
    <Index>5</Index>
    <RGB>#0066CC</RGB>
   </Color>
   <Color>
    <Index>6</Index>
    <RGB>#008000</RGB>
   </Color>
   <Color>
    <Index>7</Index>
    <RGB>#333333</RGB>
   </Color>
   <Color>
    <Index>8</Index>
    <RGB>#333399</RGB>
   </Color>
   <Color>
    <Index>9</Index>
    <RGB>#339966</RGB>
   </Color>
   <Color>
    <Index>10</Index>
    <RGB>#33CCCC</RGB>
   </Color>
   <Color>
    <Index>11</Index>
    <RGB>#800080</RGB>
   </Color>
   <Color>
    <Index>12</Index>
    <RGB>#808080</RGB>
   </Color>
   <Color>
    <Index>13</Index>
    <RGB>#969696</RGB>
   </Color>
   <Color>
    <Index>14</Index>
    <RGB>#993300</RGB>
   </Color>
   <Color>
    <Index>15</Index>
    <RGB>#99CCFF</RGB>
   </Color>
   <Color>
    <Index>16</Index>
    <RGB>#C0C0C0</RGB>
   </Color>
   <Color>
    <Index>17</Index>
    <RGB>#CC99FF</RGB>
   </Color>
   <Color>
    <Index>18</Index>
    <RGB>#CCCCFF</RGB>
   </Color>
   <Color>
    <Index>19</Index>
    <RGB>#CCFFCC</RGB>
   </Color>
   <Color>
    <Index>20</Index>
    <RGB>#CCFFFF</RGB>
   </Color>
   <Color>
    <Index>21</Index>
    <RGB>#FF0000</RGB>
   </Color>
   <Color>
    <Index>22</Index>
    <RGB>#FF6600</RGB>
   </Color>
   <Color>
    <Index>23</Index>
    <RGB>#FF8080</RGB>
   </Color>
   <Color>
    <Index>24</Index>
    <RGB>#FF9900</RGB>
   </Color>
   <Color>
    <Index>25</Index>
    <RGB>#FF99CC</RGB>
   </Color>
   <Color>
    <Index>26</Index>
    <RGB>#FFCC00</RGB>
   </Color>
   <Color>
    <Index>27</Index>
    <RGB>#FFCC99</RGB>
   </Color>
   <Color>
    <Index>28</Index>
    <RGB>#FFFF99</RGB>
   </Color>
   <Color>
    <Index>29</Index>
    <RGB>#FFFFCC</RGB>
   </Color>
   <Color>
    <Index>30</Index>
    <RGB>#FFFFFF</RGB>
   </Color>
  </Colors>
 </OfficeDocumentSettings>
 <ExcelWorkbook xmlns="urn:schemas-microsoft-com:office:excel">
  <WindowHeight>9000</WindowHeight>
  <WindowWidth>13860</WindowWidth>
  <WindowTopX>240</WindowTopX>
  <WindowTopY>75</WindowTopY>
  <ProtectStructure>False</ProtectStructure>
  <ProtectWindows>False</ProtectWindows>
 </ExcelWorkbook>
 <Styles>
  <Style ss:ID="Default" ss:Name="Normal">
   <Alignment ss:Vertical="Bottom"/>
   <Borders/>
   <Font ss:FontName="Calibri" x:Family="Swiss" ss:Size="11" ss:Color="#000000"/>
   <Interior/>
   <NumberFormat/>
   <Protection/>
  </Style>
  <Style ss:ID="s62" ss:Name="Default">
   <Font ss:FontName="VNI-Times" ss:Size="11" ss:Color="#000000"/>
  </Style>
  <Style ss:ID="s63" ss:Name="Excel_BuiltIn_Comma">
   <Font ss:FontName="VNI-Times" ss:Size="11" ss:Color="#000000"/>
   <NumberFormat/>
  </Style>
  <Style ss:ID="s72" ss:Parent="s62">
   <Borders>
    <Border ss:Position="Bottom" ss:LineStyle="Continuous" ss:Weight="1"/>
    <Border ss:Position="Left" ss:LineStyle="Continuous" ss:Weight="1"/>
    <Border ss:Position="Right" ss:LineStyle="Continuous" ss:Weight="1"/>
    <Border ss:Position="Top" ss:LineStyle="Continuous" ss:Weight="1"/>
   </Borders>
   <Font ss:FontName="Arial" ss:Bold="1"/>
  </Style>
  <Style ss:ID="s73" ss:Parent="s62">
   <Borders>
    <Border ss:Position="Bottom" ss:LineStyle="Continuous" ss:Weight="1"/>
    <Border ss:Position="Left" ss:LineStyle="Continuous" ss:Weight="1"/>
    <Border ss:Position="Right" ss:LineStyle="Continuous" ss:Weight="1"/>
    <Border ss:Position="Top" ss:LineStyle="Continuous" ss:Weight="1"/>
   </Borders>
   <Font ss:FontName="Arial" ss:Bold="1"/>
   <Interior/>
  </Style>
  <Style ss:ID="s74">
   <Alignment ss:Horizontal="Left" ss:Vertical="Bottom" ss:WrapText="1"/>
   <Borders>
    <Border ss:Position="Bottom" ss:LineStyle="Continuous" ss:Weight="1"/>
    <Border ss:Position="Left" ss:LineStyle="Continuous" ss:Weight="1"/>
    <Border ss:Position="Right" ss:LineStyle="Continuous" ss:Weight="1"/>
    <Border ss:Position="Top" ss:LineStyle="Continuous" ss:Weight="1"/>
   </Borders>
   <Font ss:FontName="Arial" x:Family="Swiss" ss:Size="9" ss:Color="#000000"/>
   <Interior/>
  </Style>
  <Style ss:ID="s75" ss:Parent="s62">
   <Borders>
    <Border ss:Position="Bottom" ss:LineStyle="Continuous" ss:Weight="1"/>
    <Border ss:Position="Left" ss:LineStyle="Continuous" ss:Weight="1"/>
    <Border ss:Position="Right" ss:LineStyle="Continuous" ss:Weight="1"/>
    <Border ss:Position="Top" ss:LineStyle="Continuous" ss:Weight="1"/>
   </Borders>
   <Font ss:FontName="Arial"/>
   <Interior/>
   <NumberFormat ss:Format="0"/>
  </Style>
  <Style ss:ID="s76">
   <Alignment ss:Horizontal="Right" ss:Vertical="Bottom" ss:WrapText="1"/>
   <Borders>
    <Border ss:Position="Bottom" ss:LineStyle="Continuous" ss:Weight="1"/>
    <Border ss:Position="Left" ss:LineStyle="Continuous" ss:Weight="1"/>
    <Border ss:Position="Right" ss:LineStyle="Continuous" ss:Weight="1"/>
    <Border ss:Position="Top" ss:LineStyle="Continuous" ss:Weight="1"/>
   </Borders>
   <Font ss:FontName="Arial" x:Family="Swiss" ss:Size="9" ss:Color="#000000"/>
   <Interior/>
   <NumberFormat ss:Format="0"/>
  </Style>
  <Style ss:ID="s77">
   <Borders>
    <Border ss:Position="Bottom" ss:LineStyle="Continuous" ss:Weight="1"/>
    <Border ss:Position="Left" ss:LineStyle="Continuous" ss:Weight="1"/>
    <Border ss:Position="Right" ss:LineStyle="Continuous" ss:Weight="1"/>
    <Border ss:Position="Top" ss:LineStyle="Continuous" ss:Weight="1"/>
   </Borders>
  </Style>
  <Style ss:ID="s78" ss:Parent="s63">
   <Alignment ss:Horizontal="Center" ss:Vertical="Center"/>
   <Borders>
    <Border ss:Position="Bottom" ss:LineStyle="Continuous" ss:Weight="1"/>
    <Border ss:Position="Left" ss:LineStyle="Continuous" ss:Weight="1"/>
    <Border ss:Position="Right" ss:LineStyle="Continuous" ss:Weight="1"/>
    <Border ss:Position="Top" ss:LineStyle="Continuous" ss:Weight="1"/>
   </Borders>
   <Font ss:FontName="Arial" ss:Bold="1"/>
   <Interior/>
   <NumberFormat/>
  </Style>
 </Styles>
 <Worksheet ss:Name="Sheet2">
  <Table ss:ExpandedColumnCount="6" ss:ExpandedRowCount="6" x:FullColumns="1"
   x:FullRows="1" ss:DefaultRowHeight="15">
   <Row ss:AutoFitHeight="0">
    <Cell ss:StyleID="s72"><Data ss:Type="String">Mã Sản Phẩm</Data></Cell>
    <Cell ss:StyleID="s72"><Data ss:Type="String">%Chiết khấu</Data></Cell>
    <Cell ss:StyleID="s72"><Data ss:Type="String">Tiền</Data></Cell>
    <Cell ss:StyleID="s72"><Data ss:Type="String">Điểm</Data></Cell>
    <Cell ss:StyleID="s73"><Data ss:Type="String">Số lượng được tặng</Data></Cell>
    <Cell ss:StyleID="s72"><Data ss:Type="String">Ghi chú</Data></Cell>
   </Row>
   <Row ss:AutoFitHeight="0">
    <Cell ss:StyleID="s74"><Data ss:Type="String">151Reasons</Data></Cell>
    <Cell ss:StyleID="s75"><Data ss:Type="Number">0</Data></Cell>
    <Cell ss:StyleID="s76"><Data ss:Type="Number">110000</Data></Cell>
    <Cell ss:StyleID="s75"><Data ss:Type="Number">0</Data></Cell>
    <Cell ss:StyleID="s77"><Data ss:Type="Number">0</Data></Cell>
    <Cell ss:StyleID="s78"/>
   </Row>
   <Row ss:AutoFitHeight="0">
    <Cell ss:StyleID="s74"><Data ss:Type="String">Banhmicahop</Data></Cell>
    <Cell ss:StyleID="s75"><Data ss:Type="Number">0</Data></Cell>
    <Cell ss:StyleID="s76"><Data ss:Type="Number">30000</Data></Cell>
    <Cell ss:StyleID="s75"><Data ss:Type="Number">0</Data></Cell>
    <Cell ss:StyleID="s77"><Data ss:Type="Number">0</Data></Cell>
    <Cell ss:StyleID="s78"/>
   </Row>
   <Row ss:AutoFitHeight="0">
    <Cell ss:StyleID="s74"><Data ss:Type="String">Banhmiopla</Data></Cell>
    <Cell ss:StyleID="s75"><Data ss:Type="Number">0</Data></Cell>
    <Cell ss:StyleID="s76"><Data ss:Type="Number">30000</Data></Cell>
    <Cell ss:StyleID="s75"><Data ss:Type="Number">0</Data></Cell>
    <Cell ss:StyleID="s77"><Data ss:Type="Number">0</Data></Cell>
    <Cell ss:StyleID="s78"/>
   </Row>
   <Row ss:AutoFitHeight="0">
    <Cell ss:StyleID="s74"><Data ss:Type="String">Banhmitrungoplet</Data></Cell>
    <Cell ss:StyleID="s75"><Data ss:Type="Number">0</Data></Cell>
    <Cell ss:StyleID="s76"><Data ss:Type="Number">30000</Data></Cell>
    <Cell ss:StyleID="s75"><Data ss:Type="Number">0</Data></Cell>
    <Cell ss:StyleID="s77"><Data ss:Type="Number">0</Data></Cell>
    <Cell ss:StyleID="s78"/>
   </Row>
   <Row ss:AutoFitHeight="0">
    <Cell ss:StyleID="s74"><Data ss:Type="String">Bia333</Data></Cell>
    <Cell ss:StyleID="s75"><Data ss:Type="Number">0</Data></Cell>
    <Cell ss:StyleID="s76"><Data ss:Type="Number">95000</Data></Cell>
    <Cell ss:StyleID="s75"><Data ss:Type="Number">0</Data></Cell>
    <Cell ss:StyleID="s77"><Data ss:Type="Number">0</Data></Cell>
    <Cell ss:StyleID="s78"/>
   </Row>
  </Table>
  <WorksheetOptions xmlns="urn:schemas-microsoft-com:office:excel">
   <PageSetup>
    <Header x:Margin="0.3"/>
    <Footer x:Margin="0.3"/>
    <PageMargins x:Bottom="0.75" x:Left="0.7" x:Right="0.7" x:Top="0.75"/>
   </PageSetup>
   <Unsynced/>
   <Selected/>
   <Panes>
    <Pane>
     <Number>3</Number>
     <ActiveRow>5</ActiveRow>
     <ActiveCol>8</ActiveCol>
    </Pane>
   </Panes>
   <ProtectObjects>False</ProtectObjects>
   <ProtectScenarios>False</ProtectScenarios>
  </WorksheetOptions>
 </Worksheet>
</Workbook>
