<?xml version="1.0"?>
<?mso-application progid="Excel.Sheet"?>
<Workbook xmlns="urn:schemas-microsoft-com:office:spreadsheet"
 xmlns:o="urn:schemas-microsoft-com:office:office"
 xmlns:x="urn:schemas-microsoft-com:office:excel"
 xmlns:ss="urn:schemas-microsoft-com:office:spreadsheet"
 xmlns:c="urn:schemas-microsoft-com:office:component:spreadsheet"
 xmlns:html="http://www.w3.org/TR/REC-html40"
 xmlns:x2="http://schemas.microsoft.com/office/excel/2003/xml"
 xmlns:xsi="http://www.w3.org/2001/XMLSchema-instance">
 <DocumentProperties xmlns="urn:schemas-microsoft-com:office:office">
  <Version>11.9999</Version>
 </DocumentProperties>
 <OfficeDocumentSettings xmlns="urn:schemas-microsoft-com:office:office">
  <Colors>
   <Color>
    <Index>3</Index>
    <RGB>#C0C0C0</RGB>
   </Color>
   <Color>
    <Index>4</Index>
    <RGB>#FF0000</RGB>
   </Color>
  </Colors>
 </OfficeDocumentSettings>
 <ExcelWorkbook xmlns="urn:schemas-microsoft-com:office:excel">
  <WindowHeight>9000</WindowHeight>
  <WindowWidth>13860</WindowWidth>
  <WindowTopX>240</WindowTopX>
  <WindowTopY>75</WindowTopY>
  <ProtectStructure>False</ProtectStructure>
  <ProtectWindows>False</ProtectWindows>
 </ExcelWorkbook>
 <Styles>
  <Style ss:ID="Default" ss:Name="Normal">
   <Alignment ss:Vertical="Bottom"/>
   <Borders/>
   <Font/>
   <Interior/>
   <NumberFormat/>
   <Protection/>
  </Style>
  <Style ss:ID="s21" ss:Name="Default">
  </Style>
  <Style ss:ID="s27" ss:Parent="s21">
   <Font/>
  </Style>
  <Style ss:ID="s28" ss:Parent="s21">
   <Font x:Family="Swiss" ss:Bold="1"/>
  </Style>
 </Styles>
 <Worksheet ss:Name="mau_nhap">
  <Table ss:ExpandedColumnCount="9" ss:ExpandedRowCount="6" x:FullColumns="1"
   x:FullRows="1" ss:StyleID="s21">
   <Column ss:StyleID="s21" ss:Width="99"/>
   <Column ss:StyleID="s21" ss:Width="64.5" ss:Span="7"/>
   <Row ss:AutoFitHeight="0">
    <Cell ss:StyleID="s28"><Data ss:Type="String">Mã Sản Phẩm</Data></Cell>
    <Cell ss:StyleID="s28"><Data ss:Type="String">Số lượng 1</Data></Cell>
    <Cell ss:StyleID="s28"><Data ss:Type="String">Đơn vị 1</Data></Cell>
    <Cell ss:StyleID="s28"><Data ss:Type="String">Số lượng 2</Data></Cell>
    <Cell ss:StyleID="s28"><Data ss:Type="String">Đơn vị 2</Data></Cell>
    <Cell ss:StyleID="s28"><Data ss:Type="String">Giá</Data></Cell>
    <Cell ss:StyleID="s28"><Data ss:Type="String">Đơn Giá</Data></Cell>
    <Cell ss:StyleID="s28"><Data ss:Type="String">Lô</Data></Cell>
    <Cell ss:StyleID="s28"><Data ss:Type="String">Ghi chú</Data></Cell>
   </Row>
   <Row ss:AutoFitHeight="0">
    <Cell><Data ss:Type="String">R652</Data></Cell>
    <Cell><Data ss:Type="Number">1599</Data></Cell>
    <Cell><Data ss:Type="String">YARD</Data></Cell>
    <Cell><Data ss:Type="Number">35</Data></Cell>
    <Cell><Data ss:Type="String">roll</Data></Cell>
    <Cell><Data ss:Type="Number">0</Data></Cell>
    <Cell><Data ss:Type="String">CUR001</Data></Cell>
    <Cell><Data ss:Type="String">NAVY</Data></Cell>
    <Cell ss:StyleID="s27"><Data ss:Type="String">Nhập ghi chú</Data></Cell>
   </Row>
   <Row ss:AutoFitHeight="0">
    <Cell><Data ss:Type="String">R652</Data></Cell>
    <Cell><Data ss:Type="Number">753</Data></Cell>
    <Cell><Data ss:Type="String">YARD</Data></Cell>
    <Cell><Data ss:Type="Number">15</Data></Cell>
    <Cell><Data ss:Type="String">roll</Data></Cell>
    <Cell><Data ss:Type="Number">0</Data></Cell>
    <Cell><Data ss:Type="String">CUR001</Data></Cell>
    <Cell><Data ss:Type="String">BUR</Data></Cell>
    <Cell ss:StyleID="s27"><Data ss:Type="String">Nhập ghi chú</Data></Cell>
   </Row>
   <Row ss:AutoFitHeight="0">
    <Cell><Data ss:Type="String">R652</Data></Cell>
    <Cell><Data ss:Type="Number">338</Data></Cell>
    <Cell><Data ss:Type="String">YARD</Data></Cell>
    <Cell><Data ss:Type="Number">7</Data></Cell>
    <Cell><Data ss:Type="String">roll</Data></Cell>
    <Cell><Data ss:Type="Number">0</Data></Cell>
    <Cell><Data ss:Type="String">CUR001</Data></Cell>
    <Cell><Data ss:Type="String">TEA</Data></Cell>
    <Cell ss:StyleID="s27"><Data ss:Type="String">Nhập ghi chú</Data></Cell>
   </Row>
   <Row ss:AutoFitHeight="0">
    <Cell><Data ss:Type="String">R652</Data></Cell>
    <Cell><Data ss:Type="Number">655</Data></Cell>
    <Cell><Data ss:Type="String">YARD</Data></Cell>
    <Cell><Data ss:Type="Number">14</Data></Cell>
    <Cell><Data ss:Type="String">roll</Data></Cell>
    <Cell><Data ss:Type="Number">0</Data></Cell>
    <Cell><Data ss:Type="String">CUR001</Data></Cell>
    <Cell><Data ss:Type="String">MID</Data></Cell>
    <Cell ss:StyleID="s27"><Data ss:Type="String">Nhập ghi chú</Data></Cell>
   </Row>
   <Row ss:AutoFitHeight="0">
    <Cell><Data ss:Type="String">R652</Data></Cell>
    <Cell><Data ss:Type="Number">448</Data></Cell>
    <Cell><Data ss:Type="String">YARD</Data></Cell>
    <Cell><Data ss:Type="Number">9</Data></Cell>
    <Cell><Data ss:Type="String">roll</Data></Cell>
    <Cell><Data ss:Type="Number">0</Data></Cell>
    <Cell><Data ss:Type="String">CUR001</Data></Cell>
    <Cell><Data ss:Type="String">BLUE</Data></Cell>
    <Cell ss:StyleID="s27"><Data ss:Type="String">Nhập ghi chú</Data></Cell>
   </Row>
  </Table>
  <WorksheetOptions xmlns="urn:schemas-microsoft-com:office:excel">
   <Print>
    <ValidPrinterInfo/>
    <VerticalResolution>0</VerticalResolution>
   </Print>
   <Selected/>
   <Panes>
    <Pane>
     <Number>3</Number>
     <ActiveRow>4</ActiveRow>
     <ActiveCol>6</ActiveCol>
    </Pane>
   </Panes>
   <ProtectObjects>False</ProtectObjects>
   <ProtectScenarios>False</ProtectScenarios>
  </WorksheetOptions>
  <x:WorksheetOptions/>
 </Worksheet>
</Workbook>
