<?xml version="1.0"?>
<?mso-application progid="Excel.Sheet"?>
<Workbook xmlns="urn:schemas-microsoft-com:office:spreadsheet"
 xmlns:o="urn:schemas-microsoft-com:office:office"
 xmlns:x="urn:schemas-microsoft-com:office:excel"
 xmlns:ss="urn:schemas-microsoft-com:office:spreadsheet"
 xmlns:html="http://www.w3.org/TR/REC-html40">
 <DocumentProperties xmlns="urn:schemas-microsoft-com:office:office">
  <Author>HUYEN</Author>
  <LastAuthor>HUYEN</LastAuthor>
  <Created>2014-11-20T09:11:53Z</Created>
  <LastSaved>2014-11-20T09:09:58Z</LastSaved>
  <Version>12.00</Version>
 </DocumentProperties>
 <OfficeDocumentSettings xmlns="urn:schemas-microsoft-com:office:office">
  <AllowPNG/>
 </OfficeDocumentSettings>
 <ExcelWorkbook xmlns="urn:schemas-microsoft-com:office:excel">
  <WindowHeight>7755</WindowHeight>
  <WindowWidth>20490</WindowWidth>
  <WindowTopX>0</WindowTopX>
  <WindowTopY>0</WindowTopY>
  <ProtectStructure>False</ProtectStructure>
  <ProtectWindows>False</ProtectWindows>
 </ExcelWorkbook>
 <Styles>
  <Style ss:ID="Default" ss:Name="Normal">
   <Alignment ss:Vertical="Bottom"/>
   <Borders/>
   <Font ss:FontName="Calibri" x:Family="Swiss" ss:Size="11" ss:Color="#000000"/>
   <Interior/>
   <NumberFormat/>
   <Protection/>
  </Style>
  <Style ss:ID="s62">
   <NumberFormat ss:Format="@"/>
  </Style>
  <Style ss:ID="s65">
   <Interior/>
  </Style>
  <Style ss:ID="s76">
   <Alignment ss:Vertical="Bottom" ss:WrapText="1"/>
   <Borders>
    <Border ss:Position="Bottom" ss:LineStyle="Continuous" ss:Weight="1"/>
    <Border ss:Position="Left" ss:LineStyle="Continuous" ss:Weight="1"/>
    <Border ss:Position="Right" ss:LineStyle="Continuous" ss:Weight="1"/>
    <Border ss:Position="Top" ss:LineStyle="Continuous" ss:Weight="1"/>
   </Borders>
   <Font ss:FontName="Calibri" x:Family="Swiss" ss:Color="#000000"/>
  </Style>
  <Style ss:ID="s77">
   <Alignment ss:Vertical="Bottom" ss:WrapText="1"/>
   <Borders>
    <Border ss:Position="Bottom" ss:LineStyle="Continuous" ss:Weight="1"/>
    <Border ss:Position="Left" ss:LineStyle="Continuous" ss:Weight="1"/>
    <Border ss:Position="Right" ss:LineStyle="Continuous" ss:Weight="1"/>
    <Border ss:Position="Top" ss:LineStyle="Continuous" ss:Weight="1"/>
   </Borders>
   <Font ss:FontName="Calibri" x:Family="Swiss" ss:Color="#000000"/>
   <NumberFormat ss:Format="@"/>
  </Style>
  <Style ss:ID="s78">
   <Alignment ss:Vertical="Bottom" ss:WrapText="1"/>
   <Borders>
    <Border ss:Position="Bottom" ss:LineStyle="Continuous" ss:Weight="1"/>
    <Border ss:Position="Left" ss:LineStyle="Continuous" ss:Weight="1"/>
    <Border ss:Position="Right" ss:LineStyle="Continuous" ss:Weight="1"/>
    <Border ss:Position="Top" ss:LineStyle="Continuous" ss:Weight="1"/>
   </Borders>
   <Font ss:FontName="Calibri" x:Family="Swiss" ss:Color="#000000"/>
   <Interior/>
  </Style>
  <Style ss:ID="s79">
   <Alignment ss:Horizontal="Left" ss:Vertical="Bottom" ss:WrapText="1"/>
   <Borders>
    <Border ss:Position="Bottom" ss:LineStyle="Continuous" ss:Weight="1"/>
    <Border ss:Position="Left" ss:LineStyle="Continuous" ss:Weight="1"/>
    <Border ss:Position="Right" ss:LineStyle="Continuous" ss:Weight="1"/>
    <Border ss:Position="Top" ss:LineStyle="Continuous" ss:Weight="1"/>
   </Borders>
   <Font ss:FontName="Calibri" x:Family="Swiss" ss:Color="#000000"/>
   <Interior/>
  </Style>
  <Style ss:ID="s80">
   <Alignment ss:Horizontal="Left" ss:Vertical="Bottom" ss:WrapText="1"/>
   <Borders>
    <Border ss:Position="Bottom" ss:LineStyle="Continuous" ss:Weight="1"/>
    <Border ss:Position="Left" ss:LineStyle="Continuous" ss:Weight="1"/>
    <Border ss:Position="Right" ss:LineStyle="Continuous" ss:Weight="1"/>
    <Border ss:Position="Top" ss:LineStyle="Continuous" ss:Weight="1"/>
   </Borders>
   <Interior/>
  </Style>
  <Style ss:ID="s81">
   <Alignment ss:Horizontal="Left" ss:Vertical="Bottom" ss:WrapText="1"/>
   <Borders>
    <Border ss:Position="Bottom" ss:LineStyle="Continuous" ss:Weight="1"/>
    <Border ss:Position="Left" ss:LineStyle="Continuous" ss:Weight="1"/>
    <Border ss:Position="Right" ss:LineStyle="Continuous" ss:Weight="1"/>
    <Border ss:Position="Top" ss:LineStyle="Continuous" ss:Weight="1"/>
   </Borders>
   <Font ss:FontName="Calibri" x:Family="Swiss" ss:Color="#000000"/>
   <Interior/>
   <NumberFormat ss:Format="@"/>
  </Style>
  <Style ss:ID="s83">
   <Borders>
    <Border ss:Position="Bottom" ss:LineStyle="Continuous" ss:Weight="1"/>
    <Border ss:Position="Left" ss:LineStyle="Continuous" ss:Weight="1"/>
    <Border ss:Position="Right" ss:LineStyle="Continuous" ss:Weight="1"/>
    <Border ss:Position="Top" ss:LineStyle="Continuous" ss:Weight="1"/>
   </Borders>
   <Interior/>
  </Style>
 </Styles>
 <Worksheet ss:Name="DanhsachKH">
  <Table ss:ExpandedColumnCount="26" ss:ExpandedRowCount="2" x:FullColumns="1"
   x:FullRows="1" ss:DefaultRowHeight="15">
   <Column ss:AutoFitWidth="0" ss:Width="75.75"/>
   <Column ss:AutoFitWidth="0" ss:Width="316.5"/>
   <Column ss:Index="6" ss:AutoFitWidth="0" ss:Width="263.25"/>
   <Column ss:AutoFitWidth="0" ss:Width="108"/>
   <Column ss:Index="13" ss:StyleID="s62" ss:AutoFitWidth="0" ss:Width="92.25"/>
   <Column ss:Index="26" ss:AutoFitWidth="0" ss:Width="93"/>
   <Row ss:AutoFitHeight="0" ss:Height="51.75">
    <Cell ss:StyleID="s76"><Data ss:Type="String">Mã khách hàng</Data></Cell>
    <Cell ss:StyleID="s76"><Data ss:Type="String">Tên công ty</Data></Cell>
    <Cell ss:StyleID="s76"><Data ss:Type="String">Tên người liên hệ</Data></Cell>
    <Cell ss:StyleID="s76"><Data ss:Type="String">Tên người ký hợp đồng</Data></Cell>
    <Cell ss:StyleID="s76"><Data ss:Type="String">Chức vụ</Data></Cell>
    <Cell ss:StyleID="s76"><Data ss:Type="String">Địa chỉ</Data></Cell>
    <Cell ss:StyleID="s76"><Data ss:Type="String">Tỉnh</Data></Cell>
    <Cell ss:StyleID="s76"><Data ss:Type="String">Quốc gia</Data></Cell>
    <Cell ss:StyleID="s76"><Data ss:Type="String">Quận/Huyện</Data></Cell>
    <Cell ss:StyleID="s76"><Data ss:Type="String">Điện thoại</Data></Cell>
    <Cell ss:StyleID="s76"><Data ss:Type="String">Điện thoại di động</Data></Cell>
    <Cell ss:StyleID="s76"><Data ss:Type="String">Fax</Data></Cell>
    <Cell ss:StyleID="s77"><Data ss:Type="String">Mã số thuế</Data></Cell>
    <Cell ss:StyleID="s76"><Data ss:Type="String">Website</Data></Cell>
    <Cell ss:StyleID="s76"><Data ss:Type="String">E-mail</Data></Cell>
    <Cell ss:StyleID="s76"><Data ss:Type="String">Số tài khoản</Data></Cell>
    <Cell ss:StyleID="s76"><Data ss:Type="String">Ghi chú</Data></Cell>
    <Cell ss:StyleID="s76"><Data ss:Type="String">Quốc gia giao hàng</Data></Cell>
    <Cell ss:StyleID="s76"><Data ss:Type="String">Địa chỉ giao hàng</Data></Cell>
    <Cell ss:StyleID="s76"><Data ss:Type="String">Điên thoại giao hàng</Data></Cell>
    <Cell ss:StyleID="s76"><Data ss:Type="String">Những thông tin giao hàng khác</Data></Cell>
    <Cell ss:StyleID="s76"><Data ss:Type="String">Loại khách hàng</Data></Cell>
    <Cell ss:StyleID="s76"><Data ss:Type="String">Trạng thái</Data></Cell>
    <Cell ss:StyleID="s76"><Data ss:Type="String">Ngày giờ tạo</Data></Cell>
    <Cell ss:StyleID="s76"><Data ss:Type="String">Mã nhân viên</Data></Cell>
    <Cell ss:StyleID="s78"><Data ss:Type="String">Công nợ đầu kỳ</Data></Cell>
   </Row>
   <Row ss:AutoFitHeight="0" ss:Height="22.5" ss:StyleID="s65">
    <Cell ss:StyleID="s79"><Data ss:Type="String">AEC</Data></Cell>
    <Cell ss:StyleID="s79"><Data ss:Type="String">CÔNG TY TNHH AECO-PACK PLASTIC</Data></Cell>
    <Cell ss:StyleID="s80"><Data ss:Type="String"> </Data></Cell>
    <Cell ss:StyleID="s80"><Data ss:Type="String"> </Data></Cell>
    <Cell ss:StyleID="s80"><Data ss:Type="String"> </Data></Cell>
    <Cell ss:StyleID="s79"><Data ss:Type="String">Số 8, Đường Số 10, KCN Việt Nam-singapore, Thị Xã Thuận An, Tỉnh Bình Dương</Data></Cell>
    <Cell ss:StyleID="s79"><Data ss:Type="String">BINHDUONG</Data></Cell>
    <Cell ss:StyleID="s79"><Data ss:Type="String">VIETNAM</Data></Cell>
    <Cell ss:StyleID="s80"><Data ss:Type="String"> </Data></Cell>
    <Cell ss:StyleID="s80"><Data ss:Type="String"> </Data></Cell>
    <Cell ss:StyleID="s80"><Data ss:Type="String"> </Data></Cell>
    <Cell ss:StyleID="s80"><Data ss:Type="String"> </Data></Cell>
    <Cell ss:StyleID="s81"><Data ss:Type="Number">3700675155</Data></Cell>
    <Cell ss:StyleID="s80"><Data ss:Type="String"> </Data></Cell>
    <Cell ss:StyleID="s80"><Data ss:Type="String"> </Data></Cell>
    <Cell ss:StyleID="s80"><Data ss:Type="String"> </Data></Cell>
    <Cell ss:StyleID="s80"><Data ss:Type="String"> </Data></Cell>
    <Cell ss:StyleID="s79"><Data ss:Type="String">VIỆT NAM</Data></Cell>
    <Cell ss:StyleID="s80"><Data ss:Type="String"> </Data></Cell>
    <Cell ss:StyleID="s80"><Data ss:Type="String"> </Data></Cell>
    <Cell ss:StyleID="s80"><Data ss:Type="String"> </Data></Cell>
    <Cell ss:StyleID="s80"><Data ss:Type="String"> </Data></Cell>
    <Cell ss:StyleID="s80"><Data ss:Type="String"> </Data></Cell>
    <Cell ss:StyleID="s79"><Data ss:Type="String">23/07/2014 11:19:49</Data></Cell>
    <Cell ss:StyleID="s79"><Data ss:Type="String">TNCB0104</Data></Cell>
    <Cell ss:StyleID="s83"><Data ss:Type="Number">11111111111</Data></Cell>
   </Row>
  </Table>
  <WorksheetOptions xmlns="urn:schemas-microsoft-com:office:excel">
   <Unsynced/>
   <Print>
    <ValidPrinterInfo/>
    <PaperSizeIndex>9</PaperSizeIndex>
    <HorizontalResolution>600</HorizontalResolution>
    <VerticalResolution>0</VerticalResolution>
   </Print>
   <Selected/>
   <DoNotDisplayGridlines/>
   <LeftColumnVisible>15</LeftColumnVisible>
   <Panes>
    <Pane>
     <Number>3</Number>
     <ActiveRow>6</ActiveRow>
     <ActiveCol>24</ActiveCol>
    </Pane>
   </Panes>
   <ProtectObjects>False</ProtectObjects>
   <ProtectScenarios>False</ProtectScenarios>
  </WorksheetOptions>
 </Worksheet>
</Workbook>
