<?xml version="1.0"?>
<?mso-application progid="Excel.Sheet"?>
<Workbook xmlns="urn:schemas-microsoft-com:office:spreadsheet"
 xmlns:o="urn:schemas-microsoft-com:office:office"
 xmlns:x="urn:schemas-microsoft-com:office:excel"
 xmlns:ss="urn:schemas-microsoft-com:office:spreadsheet"
 xmlns:html="http://www.w3.org/TR/REC-html40">
 <DocumentProperties xmlns="urn:schemas-microsoft-com:office:office">
  <Author>HUYEN</Author>
  <LastAuthor>vt</LastAuthor>
  <Created>2014-11-19T10:14:33Z</Created>
  <LastSaved>2014-11-20T06:15:51Z</LastSaved>
  <Version>12.00</Version>
 </DocumentProperties>
 <OfficeDocumentSettings xmlns="urn:schemas-microsoft-com:office:office">
  <AllowPNG/>
 </OfficeDocumentSettings>
 <ExcelWorkbook xmlns="urn:schemas-microsoft-com:office:excel">
  <WindowHeight>2760</WindowHeight>
  <WindowWidth>7470</WindowWidth>
  <WindowTopX>0</WindowTopX>
  <WindowTopY>0</WindowTopY>
  <ProtectStructure>False</ProtectStructure>
  <ProtectWindows>False</ProtectWindows>
 </ExcelWorkbook>
 <Styles>
  <Style ss:ID="Default" ss:Name="Normal">
   <Alignment ss:Vertical="Bottom"/>
   <Borders/>
   <Font ss:FontName="Calibri" x:Family="Swiss" ss:Size="11" ss:Color="#000000"/>
   <Interior/>
   <NumberFormat/>
   <Protection/>
  </Style>
  <Style ss:ID="s62">
   <Borders>
    <Border ss:Position="Bottom" ss:LineStyle="Continuous" ss:Weight="1"/>
    <Border ss:Position="Left" ss:LineStyle="Continuous" ss:Weight="1"/>
    <Border ss:Position="Right" ss:LineStyle="Continuous" ss:Weight="1"/>
    <Border ss:Position="Top" ss:LineStyle="Continuous" ss:Weight="1"/>
   </Borders>
   <Font ss:FontName="Arial" x:Family="Swiss" ss:Size="11" ss:Color="#000000"/>
  </Style>
  <Style ss:ID="s63">
   <Alignment ss:Horizontal="Center" ss:Vertical="Bottom" ss:WrapText="1"/>
   <Borders>
    <Border ss:Position="Bottom" ss:LineStyle="Continuous" ss:Weight="1"/>
    <Border ss:Position="Left" ss:LineStyle="Continuous" ss:Weight="1"/>
    <Border ss:Position="Right" ss:LineStyle="Continuous" ss:Weight="1"/>
    <Border ss:Position="Top" ss:LineStyle="Continuous" ss:Weight="1"/>
   </Borders>
   <Font ss:FontName="Arial" x:Family="Swiss" ss:Color="#000000" ss:Bold="1"/>
  </Style>
  <Style ss:ID="s64">
   <Alignment ss:Horizontal="Center" ss:Vertical="Bottom"/>
   <Borders>
    <Border ss:Position="Bottom" ss:LineStyle="Continuous" ss:Weight="1"/>
    <Border ss:Position="Left" ss:LineStyle="Continuous" ss:Weight="1"/>
    <Border ss:Position="Right" ss:LineStyle="Continuous" ss:Weight="1"/>
    <Border ss:Position="Top" ss:LineStyle="Continuous" ss:Weight="1"/>
   </Borders>
   <Font ss:FontName="Arial" x:Family="Swiss" ss:Size="11" ss:Color="#000000"
    ss:Bold="1"/>
  </Style>
  <Style ss:ID="s65">
   <Alignment ss:Horizontal="Center" ss:Vertical="Bottom"/>
   <Borders>
    <Border ss:Position="Bottom" ss:LineStyle="Continuous" ss:Weight="1"/>
    <Border ss:Position="Left" ss:LineStyle="Continuous" ss:Weight="1"/>
    <Border ss:Position="Right" ss:LineStyle="Continuous" ss:Weight="1"/>
    <Border ss:Position="Top" ss:LineStyle="Continuous" ss:Weight="1"/>
   </Borders>
   <Font ss:FontName="Arial" x:Family="Swiss" ss:Size="9" ss:Bold="1"/>
  </Style>
  <Style ss:ID="s66">
   <Alignment ss:Horizontal="Center" ss:Vertical="Bottom"/>
   <Borders>
    <Border ss:Position="Bottom" ss:LineStyle="Continuous" ss:Weight="1"/>
    <Border ss:Position="Left" ss:LineStyle="Continuous" ss:Weight="1"/>
    <Border ss:Position="Right" ss:LineStyle="Continuous" ss:Weight="1"/>
    <Border ss:Position="Top" ss:LineStyle="Continuous" ss:Weight="1"/>
   </Borders>
   <Font ss:FontName="Arial" x:Family="Swiss" ss:Size="11" ss:Color="#000000"
    ss:Bold="1"/>
   <Interior/>
  </Style>
  <Style ss:ID="s67">
   <Alignment ss:Horizontal="Left" ss:Vertical="Bottom" ss:WrapText="1"/>
   <Borders>
    <Border ss:Position="Bottom" ss:LineStyle="Continuous" ss:Weight="1"/>
    <Border ss:Position="Left" ss:LineStyle="Continuous" ss:Weight="1"/>
    <Border ss:Position="Right" ss:LineStyle="Continuous" ss:Weight="1"/>
    <Border ss:Position="Top" ss:LineStyle="Continuous" ss:Weight="1"/>
   </Borders>
   <Font ss:FontName="Arial" x:Family="Swiss" ss:Color="#000000"/>
  </Style>
  <Style ss:ID="s68">
   <Alignment ss:Horizontal="Left" ss:Vertical="Bottom" ss:WrapText="1"/>
   <Borders>
    <Border ss:Position="Bottom" ss:LineStyle="Continuous" ss:Weight="1"/>
    <Border ss:Position="Left" ss:LineStyle="Continuous" ss:Weight="1"/>
    <Border ss:Position="Right" ss:LineStyle="Continuous" ss:Weight="1"/>
    <Border ss:Position="Top" ss:LineStyle="Continuous" ss:Weight="1"/>
   </Borders>
   <Font ss:FontName="Arial" x:Family="Swiss" ss:Size="11" ss:Color="#000000"/>
  </Style>
 </Styles>
 <Worksheet ss:Name="employees">
  <Names>
   <NamedRange ss:Name="_FilterDatabase" ss:RefersTo="=employees!R1C1:R4C16"
    ss:Hidden="1"/>
  </Names>
  <Table ss:ExpandedColumnCount="23" ss:ExpandedRowCount="4" x:FullColumns="1"
   x:FullRows="1" ss:DefaultRowHeight="15">
   <Column ss:AutoFitWidth="0" ss:Width="106.5"/>
   <Column ss:AutoFitWidth="0" ss:Width="382.5" ss:Span="3"/>
   <Column ss:Index="6" ss:AutoFitWidth="0" ss:Width="334.5"/>
   <Column ss:AutoFitWidth="0" ss:Width="115.5"/>
   <Column ss:Index="9" ss:AutoFitWidth="0" ss:Width="65.25"/>
   <Column ss:Index="13" ss:AutoFitWidth="0" ss:Width="66.75"/>
   <Column ss:Index="19" ss:AutoFitWidth="0" ss:Width="110.25"/>
   <Column ss:AutoFitWidth="0" ss:Width="102.75"/>
   <Column ss:AutoFitWidth="0" ss:Width="123"/>
   <Column ss:AutoFitWidth="0" ss:Width="54.75"/>
   <Column ss:AutoFitWidth="0" ss:Width="89.25"/>
   <Row ss:AutoFitHeight="0" ss:Height="26.25">
    <Cell ss:StyleID="s63"><Data ss:Type="String">Mã nhà cung cấp</Data><NamedCell
      ss:Name="_FilterDatabase"/></Cell>
    <Cell ss:StyleID="s63"><Data ss:Type="String">Tên công ty</Data><NamedCell
      ss:Name="_FilterDatabase"/></Cell>
    <Cell ss:StyleID="s63"><Data ss:Type="String">Tên người liên hệ</Data><NamedCell
      ss:Name="_FilterDatabase"/></Cell>
    <Cell ss:StyleID="s64"><Data ss:Type="String">Tên người ký hợp đồng</Data><NamedCell
      ss:Name="_FilterDatabase"/></Cell>
    <Cell ss:StyleID="s64"><Data ss:Type="String">Chức vụ</Data><NamedCell
      ss:Name="_FilterDatabase"/></Cell>
    <Cell ss:StyleID="s63"><Data ss:Type="String">Địa chỉ</Data><NamedCell
      ss:Name="_FilterDatabase"/></Cell>
    <Cell ss:StyleID="s63"><Data ss:Type="String">Tỉnh</Data><NamedCell
      ss:Name="_FilterDatabase"/></Cell>
    <Cell ss:StyleID="s63"><Data ss:Type="String">Quốc gia</Data><NamedCell
      ss:Name="_FilterDatabase"/></Cell>
    <Cell ss:StyleID="s63"><Data ss:Type="String">Quận/Huyện</Data><NamedCell
      ss:Name="_FilterDatabase"/></Cell>
    <Cell ss:StyleID="s63"><Data ss:Type="String">Điện thoại</Data><NamedCell
      ss:Name="_FilterDatabase"/></Cell>
    <Cell ss:StyleID="s63"><Data ss:Type="String">Điện thoại di động</Data><NamedCell
      ss:Name="_FilterDatabase"/></Cell>
    <Cell ss:StyleID="s63"><Data ss:Type="String">Fax</Data><NamedCell
      ss:Name="_FilterDatabase"/></Cell>
    <Cell ss:StyleID="s63"><Data ss:Type="String">Mã số thuế</Data><NamedCell
      ss:Name="_FilterDatabase"/></Cell>
    <Cell ss:StyleID="s63"><Data ss:Type="String">Website</Data><NamedCell
      ss:Name="_FilterDatabase"/></Cell>
    <Cell ss:StyleID="s63"><Data ss:Type="String">E-mail</Data><NamedCell
      ss:Name="_FilterDatabase"/></Cell>
    <Cell ss:StyleID="s63"><Data ss:Type="String">Số tài khoản</Data><NamedCell
      ss:Name="_FilterDatabase"/></Cell>
    <Cell ss:StyleID="s64"><Data ss:Type="String">Chi chú</Data></Cell>
    <Cell ss:StyleID="s64"><Data ss:Type="String">Xếp hạng NCC</Data></Cell>
    <Cell ss:StyleID="s65"><Data ss:Type="String">Ký hiệm mẫu hóa đơn</Data></Cell>
    <Cell ss:StyleID="s64"><Data ss:Type="String">Ký hiệu hóa đơn</Data></Cell>
    <Cell ss:StyleID="s64"><Data ss:Type="String">Mã tài khoản nhà cung cấp</Data></Cell>
    <Cell ss:StyleID="s66"><Data ss:Type="String">Khác</Data></Cell>
    <Cell ss:StyleID="s66"><Data ss:Type="String">Nợ đầu kỳ NCC</Data></Cell>
   </Row>
   <Row ss:AutoFitHeight="0" ss:Height="14.25">
    <Cell ss:StyleID="s67"><Data ss:Type="String">331STAC</Data><NamedCell
      ss:Name="_FilterDatabase"/></Cell>
    <Cell ss:StyleID="s67"><Data ss:Type="String">CÔNG TY TNHH ĐÂU TƯ VÀ KINH DOANH SIÊU THỊ Á CHÂU</Data><NamedCell
      ss:Name="_FilterDatabase"/></Cell>
    <Cell ss:StyleID="s67"><Data ss:Type="String"> </Data><NamedCell
      ss:Name="_FilterDatabase"/></Cell>
    <Cell ss:StyleID="s67"><Data ss:Type="String"> </Data><NamedCell
      ss:Name="_FilterDatabase"/></Cell>
    <Cell ss:StyleID="s67"><Data ss:Type="String"> </Data><NamedCell
      ss:Name="_FilterDatabase"/></Cell>
    <Cell ss:StyleID="s67"><Data ss:Type="String">134 NGUYỄN TRI PHƯƠNG, PHƯỜNG 9</Data><NamedCell
      ss:Name="_FilterDatabase"/></Cell>
    <Cell ss:StyleID="s67"><Data ss:Type="String">TPHCM</Data><NamedCell
      ss:Name="_FilterDatabase"/></Cell>
    <Cell ss:StyleID="s68"><Data ss:Type="String">VIETNAM</Data><NamedCell
      ss:Name="_FilterDatabase"/></Cell>
    <Cell ss:StyleID="s67"><Data ss:Type="String">Quận 5</Data><NamedCell
      ss:Name="_FilterDatabase"/></Cell>
    <Cell ss:StyleID="s68"><Data ss:Type="String"> </Data><NamedCell
      ss:Name="_FilterDatabase"/></Cell>
    <Cell ss:StyleID="s68"><Data ss:Type="String"> </Data><NamedCell
      ss:Name="_FilterDatabase"/></Cell>
    <Cell ss:StyleID="s68"><Data ss:Type="String"> </Data><NamedCell
      ss:Name="_FilterDatabase"/></Cell>
    <Cell ss:StyleID="s67"><Data ss:Type="Number">310939840</Data><NamedCell
      ss:Name="_FilterDatabase"/></Cell>
    <Cell ss:StyleID="s68"><Data ss:Type="String"> </Data><NamedCell
      ss:Name="_FilterDatabase"/></Cell>
    <Cell ss:StyleID="s68"><Data ss:Type="String"> </Data><NamedCell
      ss:Name="_FilterDatabase"/></Cell>
    <Cell ss:StyleID="s68"><Data ss:Type="String"> </Data><NamedCell
      ss:Name="_FilterDatabase"/></Cell>
    <Cell ss:StyleID="s62"><Data ss:Type="String"> </Data></Cell>
    <Cell ss:StyleID="s62"><Data ss:Type="String"> </Data></Cell>
    <Cell ss:StyleID="s62"><Data ss:Type="String"> </Data></Cell>
    <Cell ss:StyleID="s62"><Data ss:Type="String"> </Data></Cell>
    <Cell ss:StyleID="s62"><Data ss:Type="String"> </Data></Cell>
    <Cell ss:StyleID="s62"><Data ss:Type="String"> </Data></Cell>
    <Cell ss:StyleID="s62"><Data ss:Type="Number">0</Data></Cell>
   </Row>
   <Row ss:AutoFitHeight="0" ss:Height="14.25">
    <Cell ss:StyleID="s67"><Data ss:Type="String">331DTAN</Data><NamedCell
      ss:Name="_FilterDatabase"/></Cell>
    <Cell ss:StyleID="s67"><Data ss:Type="String">CÔNG TY CỔ PHẦN ĐẦU TƯ AN ĐÔNG</Data><NamedCell
      ss:Name="_FilterDatabase"/></Cell>
    <Cell ss:StyleID="s67"><Data ss:Type="String"> </Data><NamedCell
      ss:Name="_FilterDatabase"/></Cell>
    <Cell ss:StyleID="s67"><Data ss:Type="String"> </Data><NamedCell
      ss:Name="_FilterDatabase"/></Cell>
    <Cell ss:StyleID="s67"><Data ss:Type="String"> </Data><NamedCell
      ss:Name="_FilterDatabase"/></Cell>
    <Cell ss:StyleID="s67"><Data ss:Type="String">18 An Dương Vương, Phường 9, Quận 5, Tp. Hồ Chí Minh</Data><NamedCell
      ss:Name="_FilterDatabase"/></Cell>
    <Cell ss:StyleID="s67"><Data ss:Type="String">TPHCM</Data><NamedCell
      ss:Name="_FilterDatabase"/></Cell>
    <Cell ss:StyleID="s68"><Data ss:Type="String">VIETNAM</Data><NamedCell
      ss:Name="_FilterDatabase"/></Cell>
    <Cell ss:StyleID="s68"><Data ss:Type="String"> </Data><NamedCell
      ss:Name="_FilterDatabase"/></Cell>
    <Cell ss:StyleID="s68"><Data ss:Type="String"> </Data><NamedCell
      ss:Name="_FilterDatabase"/></Cell>
    <Cell ss:StyleID="s68"><Data ss:Type="String"> </Data><NamedCell
      ss:Name="_FilterDatabase"/></Cell>
    <Cell ss:StyleID="s68"><Data ss:Type="String"> </Data><NamedCell
      ss:Name="_FilterDatabase"/></Cell>
    <Cell ss:StyleID="s67"><Data ss:Type="Number">304938912</Data><NamedCell
      ss:Name="_FilterDatabase"/></Cell>
    <Cell ss:StyleID="s68"><Data ss:Type="String"> </Data><NamedCell
      ss:Name="_FilterDatabase"/></Cell>
    <Cell ss:StyleID="s68"><Data ss:Type="String"> </Data><NamedCell
      ss:Name="_FilterDatabase"/></Cell>
    <Cell ss:StyleID="s68"><Data ss:Type="String"> </Data><NamedCell
      ss:Name="_FilterDatabase"/></Cell>
    <Cell ss:StyleID="s62"><Data ss:Type="String"> </Data></Cell>
    <Cell ss:StyleID="s62"><Data ss:Type="String"> </Data></Cell>
    <Cell ss:StyleID="s62"><Data ss:Type="String"> </Data></Cell>
    <Cell ss:StyleID="s62"><Data ss:Type="String"> </Data></Cell>
    <Cell ss:StyleID="s62"><Data ss:Type="String"> </Data></Cell>
    <Cell ss:StyleID="s62"><Data ss:Type="String"> </Data></Cell>
    <Cell ss:StyleID="s62"><Data ss:Type="Number">0</Data></Cell>
   </Row>
   <Row ss:AutoFitHeight="0" ss:Height="14.25">
    <Cell ss:StyleID="s67"><Data ss:Type="String">331ADAO</Data><NamedCell
      ss:Name="_FilterDatabase"/></Cell>
    <Cell ss:StyleID="s67"><Data ss:Type="String">CÔNG TY TNHH ANH ĐÀO</Data><NamedCell
      ss:Name="_FilterDatabase"/></Cell>
    <Cell ss:StyleID="s67"><Data ss:Type="String"> </Data><NamedCell
      ss:Name="_FilterDatabase"/></Cell>
    <Cell ss:StyleID="s67"><Data ss:Type="String"> </Data><NamedCell
      ss:Name="_FilterDatabase"/></Cell>
    <Cell ss:StyleID="s67"><Data ss:Type="String"> </Data><NamedCell
      ss:Name="_FilterDatabase"/></Cell>
    <Cell ss:StyleID="s67"><Data ss:Type="String">Số 37, Mã Mây, Phường Hàng Buồm, Quận Hoàn Kiếm, TP TPHN</Data><NamedCell
      ss:Name="_FilterDatabase"/></Cell>
    <Cell ss:StyleID="s68"><Data ss:Type="String"> </Data><NamedCell
      ss:Name="_FilterDatabase"/></Cell>
    <Cell ss:StyleID="s67"><Data ss:Type="String">VIETNAM</Data><NamedCell
      ss:Name="_FilterDatabase"/></Cell>
    <Cell ss:StyleID="s68"><Data ss:Type="String"> </Data><NamedCell
      ss:Name="_FilterDatabase"/></Cell>
    <Cell ss:StyleID="s68"><Data ss:Type="String"> </Data><NamedCell
      ss:Name="_FilterDatabase"/></Cell>
    <Cell ss:StyleID="s68"><Data ss:Type="String"> </Data><NamedCell
      ss:Name="_FilterDatabase"/></Cell>
    <Cell ss:StyleID="s68"><Data ss:Type="String"> </Data><NamedCell
      ss:Name="_FilterDatabase"/></Cell>
    <Cell ss:StyleID="s67"><Data ss:Type="Number">100235855</Data><NamedCell
      ss:Name="_FilterDatabase"/></Cell>
    <Cell ss:StyleID="s68"><Data ss:Type="String"> </Data><NamedCell
      ss:Name="_FilterDatabase"/></Cell>
    <Cell ss:StyleID="s68"><Data ss:Type="String"> </Data><NamedCell
      ss:Name="_FilterDatabase"/></Cell>
    <Cell ss:StyleID="s68"><Data ss:Type="String"> </Data><NamedCell
      ss:Name="_FilterDatabase"/></Cell>
    <Cell ss:StyleID="s62"><Data ss:Type="String"> </Data></Cell>
    <Cell ss:StyleID="s62"><Data ss:Type="String"> </Data></Cell>
    <Cell ss:StyleID="s62"><Data ss:Type="String"> </Data></Cell>
    <Cell ss:StyleID="s62"><Data ss:Type="String"> </Data></Cell>
    <Cell ss:StyleID="s62"><Data ss:Type="String"> </Data></Cell>
    <Cell ss:StyleID="s62"><Data ss:Type="String"> </Data></Cell>
    <Cell ss:StyleID="s62"><Data ss:Type="Number">0</Data></Cell>
   </Row>
  </Table>
  <WorksheetOptions xmlns="urn:schemas-microsoft-com:office:excel">
   <Unsynced/>
   <Print>
    <ValidPrinterInfo/>
    <HorizontalResolution>600</HorizontalResolution>
    <VerticalResolution>600</VerticalResolution>
   </Print>
   <Selected/>
   <DoNotDisplayGridlines/>
   <LeftColumnVisible>9</LeftColumnVisible>
   <Panes>
    <Pane>
     <Number>3</Number>
     <ActiveRow>2</ActiveRow>
     <ActiveCol>22</ActiveCol>
    </Pane>
   </Panes>
   <ProtectObjects>False</ProtectObjects>
   <ProtectScenarios>False</ProtectScenarios>
  </WorksheetOptions>
 </Worksheet>
</Workbook>
